[2mAug 27 04:44:29.229[0m [92mINF[0m jrouter v0.0.24
[2mAug 27 04:44:29.230[0m [92mINF[0m AURP: listening [2mlocaladdr=[0m0.0.0.0:387
[2mAug 27 04:44:29.230[0m [92mINF[0m Press ^C or send SIGINT or SIGTERM to stop the router gracefully
[2mAug 27 04:44:29.552[0m [93mWRN[0m Couldn't resolve address, skipping [2merror=[0m"lookup jupak.vadumrice.com on 127.0.0.53:53: no such host"
[2mAug 27 04:44:29.753[0m [93mWRN[0m Couldn't resolve address, skipping [2merror=[0m"lookup a68kradio.ddns.net on 127.0.0.53:53: no such host"
[2mAug 27 04:44:29.794[0m [93mWRN[0m Couldn't resolve address, skipping [2merror=[0m"lookup eibg.ddns.net on 127.0.0.53:53: no such host"
[2mAug 27 04:44:29.950[0m [93mWRN[0m Couldn't resolve address, skipping [2merror=[0m"lookup globaltalk.haxxed.com on 127.0.0.53:53: no such host"
[2mAug 27 04:44:30.008[0m [93mWRN[0m Couldn't resolve address, skipping [2merror=[0m"lookup globaltalk.gnffs.place on 127.0.0.53:53: no such host"
[2mAug 27 04:44:30.618[0m [93mWRN[0m Couldn't resolve address, skipping [2merror=[0m"lookup globaltalk.ar558.net on 127.0.0.53:53: no such host"
[2mAug 27 04:44:30.748[0m [93mWRN[0m Couldn't resolve address, skipping [2merror=[0m"lookup c650.net.jibbing.com on 127.0.0.53:53: no such host"
[2mAug 27 04:44:31.028[0m [93mWRN[0m Couldn't resolve address, skipping [2merror=[0m"lookup trh-lab.sytes.net on 127.0.0.53:53: no such host"
[2mAug 27 04:44:31.407[0m [93mWRN[0m Couldn't resolve address, skipping [2merror=[0m"lookup gregnibler.mooo.com on 127.0.0.53:53: no such host"
[2mAug 27 04:44:31.715[0m [93mWRN[0m Couldn't resolve address, skipping [2merror=[0m"lookup houston-1.atatdotdot.com on 127.0.0.53:53: no such host"
[2mAug 27 04:44:31.802[0m [93mWRN[0m Couldn't resolve address, skipping [2merror=[0m"lookup iris.guerina.net on 127.0.0.53:53: no such host"
[2mAug 27 04:44:31.967[0m [93mWRN[0m Couldn't resolve address, skipping [2merror=[0m"lookup globaltalk.beyondspec.org on 127.0.0.53:53: no such host"
[2mAug 27 04:44:32.262[0m [93mWRN[0m Couldn't resolve address, skipping [2merror=[0m"lookup jag.freemyp.com on 127.0.0.53:53: no such host"
[2mAug 27 04:44:32.414[0m [93mWRN[0m Couldn't resolve address, skipping [2merror=[0m"lookup globaltalk.jasondavis.net on 127.0.0.53:53: no such host"
[2mAug 27 04:44:32.436[0m [93mWRN[0m Couldn't resolve address, skipping [2merror=[0m"lookup vintagemac.ddns.net on 127.0.0.53:53: no such host"
[2mAug 27 04:44:32.477[0m [93mWRN[0m Couldn't resolve address, skipping [2merror=[0m"lookup classic.wendelstein.it on 127.0.0.53:53: no such host"
[2mAug 27 04:44:32.513[0m [93mWRN[0m Couldn't resolve address, skipping [2merror=[0m"lookup fibdog.my.netgear.com on 127.0.0.53:53: no such host"
[2mAug 27 04:44:33.173[0m [93mWRN[0m Couldn't resolve address, skipping [2merror=[0m"lookup analogplaza.ddns.net on 127.0.0.53:53: no such host"
[2mAug 27 04:44:33.478[0m [93mWRN[0m Couldn't resolve address, skipping [2merror=[0m"lookup EggMac on 127.0.0.53:53: server misbehaving"
[2mAug 27 04:44:33.952[0m [93mWRN[0m AURP Peer: connection ID mismatch, dropping packet [2mraddr=[0m71.74.97.148 [2mremote-di=[0m"GJa\x94" [2mconn-id=[0m53847 [2mseq=[0m2 [2mcmd-code=[0mRI-Upd [2mflags=[0m0 [2mreceiver-state=[0m"waiting for Open-Rsp" [2msender-state=[0munconnected [2mwant-conn-id=[0m42456
SIGSEGV: segmentation violation
PC=0x7fc9f45db15c m=6 sigcode=1 addr=0x230
signal arrived during cgo execution

goroutine 247 gp=0x2028c0717860 m=6 mp=0x2028c070d008 [syscall]:
runtime.cgocall(0xa0c9b0, 0x2028c0765c20)
	/opt/hostedtoolcache/go/1.26.4/x64/src/runtime/cgocall.go:167 +0x4b fp=0x2028c0765bf8 sp=0x2028c0765bc0 pc=0x48a3eb
github.com/google/gopacket/pcap._Cfunc_pcap_sendpacket(0x0, 0x2028c121ab40, 0x40)
	_cgo_gotypes.go:649 +0x46 fp=0x2028c0765c20 sp=0x2028c0765bf8 pc=0x955be6
github.com/google/gopacket/pcap.(*Handle).pcapSendpacket.func1(...)
	/home/runner/go/pkg/mod/github.com/google/gopacket@v1.1.19/pcap/pcap_unix.go:521
github.com/google/gopacket/pcap.(*Handle).pcapSendpacket(0x2028c0c0a960, {0x2028c121ab40, 0x40, 0x4?})
	/home/runner/go/pkg/mod/github.com/google/gopacket@v1.1.19/pcap/pcap_unix.go:521 +0x7c fp=0x2028c0765c60 sp=0x2028c0765c20 pc=0x957abc
github.com/google/gopacket/pcap.(*Handle).WritePacketData(...)
	/home/runner/go/pkg/mod/github.com/google/gopacket@v1.1.19/pcap/pcap.go:696
drjosh.dev/jrouter/router.(*AARPMachine).send(0x2028c085a7e0, 0x800030406809b?)
	/home/runner/work/jrouter/jrouter/router/aarp.go:325 +0x1e6 fp=0x2028c0765d30 sp=0x2028c0765c60 pc=0x95f886
drjosh.dev/jrouter/router.(*AARPMachine).probe(0x2028c085a7e0)
	/home/runner/work/jrouter/jrouter/router/aarp.go:298 +0xd4 fp=0x2028c0765d98 sp=0x2028c0765d30 pc=0x95f574
drjosh.dev/jrouter/router.(*AARPMachine).Run(0x2028c085a7e0, {0xbd28b8, 0x2028c0fe7ad0})
	/home/runner/work/jrouter/jrouter/router/aarp.go:174 +0xc54 fp=0x2028c0765fb8 sp=0x2028c0765d98 pc=0x95f0b4
drjosh.dev/jrouter/router.(*EtherTalkPort).RunAARP(...)
	/home/runner/work/jrouter/jrouter/router/etalk_port.go:395
main.main.gowrap2()
	/home/runner/work/jrouter/jrouter/main.go:169 +0x25 fp=0x2028c0765fe0 sp=0x2028c0765fb8 pc=0x99f945
runtime.goexit({})
	/opt/hostedtoolcache/go/1.26.4/x64/src/runtime/asm_amd64.s:1771 +0x1 fp=0x2028c0765fe8 sp=0x2028c0765fe0 pc=0x4950a1
created by main.main in goroutine 1
	/home/runner/work/jrouter/jrouter/main.go:169 +0xccb

goroutine 1 gp=0x2028c06841e0 m=nil [sync.WaitGroup.Wait]:
runtime.gopark(0x2028c0761c40?, 0x2028c0761ca8?, 0xc0?, 0xa8?, 0x2028c0694430?)
	/opt/hostedtoolcache/go/1.26.4/x64/src/runtime/proc.go:462 +0xce fp=0x2028c0761bf0 sp=0x2028c0761bd0 pc=0x48d62e
runtime.goparkunlock(...)
	/opt/hostedtoolcache/go/1.26.4/x64/src/runtime/proc.go:468
runtime.semacquire1(0x2028c0694438, 0x0, 0x1, 0x0, 0x19)
	/opt/hostedtoolcache/go/1.26.4/x64/src/runtime/sema.go:192 +0x232 fp=0x2028c0761c58 sp=0x2028c0761bf0 pc=0x46c592
sync.runtime_SemacquireWaitGroup(0x0?, 0x0?)
	/opt/hostedtoolcache/go/1.26.4/x64/src/runtime/sema.go:114 +0x2e fp=0x2028c0761c90 sp=0x2028c0761c58 pc=0x48f0ae
sync.(*WaitGroup).Wait(0x2028c0694430)
	/opt/hostedtoolcache/go/1.26.4/x64/src/sync/waitgroup.go:206 +0x85 fp=0x2028c0761cb8 sp=0x2028c0761c90 pc=0x4a0025
main.main()
	/home/runner/work/jrouter/jrouter/main.go:188 +0xf8b fp=0x2028c0761f48 sp=0x2028c0761cb8 pc=0x99f74b
runtime.main()
	/opt/hostedtoolcache/go/1.26.4/x64/src/runtime/proc.go:290 +0x2d5 fp=0x2028c0761fe0 sp=0x2028c0761f48 pc=0x458335
runtime.goexit({})
	/opt/hostedtoolcache/go/1.26.4/x64/src/runtime/asm_amd64.s:1771 +0x1 fp=0x2028c0761fe8 sp=0x2028c0761fe0 pc=0x4950a1

goroutine 2 gp=0x2028c0684d20 m=nil [force gc (idle)]:
runtime.gopark(0x0?, 0x0?, 0x0?, 0x0?, 0x0?)
	/opt/hostedtoolcache/go/1.26.4/x64/src/runtime/proc.go:462 +0xce fp=0x2028c06d0fa8 sp=0x2028c06d0f88 pc=0x48d62e
runtime.goparkunlock(...)
	/opt/hostedtoolcache/go/1.26.4/x64/src/runtime/proc.go:468
runtime.forcegchelper()
	/opt/hostedtoolcache/go/1.26.4/x64/src/runtime/proc.go:375 +0xb3 fp=0x2028c06d0fe0 sp=0x2028c06d0fa8 pc=0x458653
runtime.goexit({})
	/opt/hostedtoolcache/go/1.26.4/x64/src/runtime/asm_amd64.s:1771 +0x1 fp=0x2028c06d0fe8 sp=0x2028c06d0fe0 pc=0x4950a1
created by runtime.init.7 in goroutine 1
	/opt/hostedtoolcache/go/1.26.4/x64/src/runtime/proc.go:363 +0x1a

goroutine 3 gp=0x2028c0684f00 m=nil [GC sweep wait]:
runtime.gopark(0x1?, 0x0?, 0x0?, 0x0?, 0x0?)
	/opt/hostedtoolcache/go/1.26.4/x64/src/runtime/proc.go:462 +0xce fp=0x2028c06d1788 sp=0x2028c06d1768 pc=0x48d62e
runtime.goparkunlock(...)
	/opt/hostedtoolcache/go/1.26.4/x64/src/runtime/proc.go:468
runtime.bgsweep(0x2028c06f2000)
	/opt/hostedtoolcache/go/1.26.4/x64/src/runtime/mgcsweep.go:324 +0x151 fp=0x2028c06d17c8 sp=0x2028c06d1788 pc=0x441211
runtime.gcenable.gowrap1()
	/opt/hostedtoolcache/go/1.26.4/x64/src/runtime/mgc.go:214 +0x17 fp=0x2028c06d17e0 sp=0x2028c06d17c8 pc=0x432577
runtime.goexit({})
	/opt/hostedtoolcache/go/1.26.4/x64/src/runtime/asm_amd64.s:1771 +0x1 fp=0x2028c06d17e8 sp=0x2028c06d17e0 pc=0x4950a1
created by runtime.gcenable in goroutine 1
	/opt/hostedtoolcache/go/1.26.4/x64/src/runtime/mgc.go:214 +0x66

goroutine 4 gp=0x2028c06850e0 m=nil [GC scavenge wait]:
runtime.gopark(0x10000?, 0xbc5fc0?, 0x0?, 0x0?, 0x0?)
	/opt/hostedtoolcache/go/1.26.4/x64/src/runtime/proc.go:462 +0xce fp=0x2028c06d1f78 sp=0x2028c06d1f58 pc=0x48d62e
runtime.goparkunlock(...)
	/opt/hostedtoolcache/go/1.26.4/x64/src/runtime/proc.go:468
runtime.(*scavengerState).park(0x11a5300)
	/opt/hostedtoolcache/go/1.26.4/x64/src/runtime/mgcscavenge.go:425 +0x49 fp=0x2028c06d1fa8 sp=0x2028c06d1f78 pc=0x43ec89
runtime.bgscavenge(0x2028c06f2000)
	/opt/hostedtoolcache/go/1.26.4/x64/src/runtime/mgcscavenge.go:658 +0x59 fp=0x2028c06d1fc8 sp=0x2028c06d1fa8 pc=0x43f219
runtime.gcenable.gowrap2()
	/opt/hostedtoolcache/go/1.26.4/x64/src/runtime/mgc.go:215 +0x17 fp=0x2028c06d1fe0 sp=0x2028c06d1fc8 pc=0x432537
runtime.goexit({})
	/opt/hostedtoolcache/go/1.26.4/x64/src/runtime/asm_amd64.s:1771 +0x1 fp=0x2028c06d1fe8 sp=0x2028c06d1fe0 pc=0x4950a1
created by runtime.gcenable in goroutine 1
	/opt/hostedtoolcache/go/1.26.4/x64/src/runtime/mgc.go:215 +0xa5

goroutine 5 gp=0x2028c0685a40 m=nil [GOMAXPROCS updater (idle)]:
runtime.gopark(0x0?, 0x0?, 0x0?, 0x0?, 0x0?)
	/opt/hostedtoolcache/go/1.26.4/x64/src/runtime/proc.go:462 +0xce fp=0x2028c06d2788 sp=0x2028c06d2768 pc=0x48d62e
runtime.goparkunlock(...)
	/opt/hostedtoolcache/go/1.26.4/x64/src/runtime/proc.go:468
runtime.updateMaxProcsGoroutine()
	/opt/hostedtoolcache/go/1.26.4/x64/src/runtime/proc.go:7095 +0xe7 fp=0x2028c06d27e0 sp=0x2028c06d2788 pc=0x466bc7
runtime.goexit({})
	/opt/hostedtoolcache/go/1.26.4/x64/src/runtime/asm_amd64.s:1771 +0x1 fp=0x2028c06d27e8 sp=0x2028c06d27e0 pc=0x4950a1
created by runtime.defaultGOMAXPROCSUpdateEnable in goroutine 1
	/opt/hostedtoolcache/go/1.26.4/x64/src/runtime/proc.go:7083 +0x37

goroutine 6 gp=0x2028c07161e0 m=nil [finalizer wait]:
runtime.gopark(0x467c15?, 0x1c8?, 0x60?, 0x8c?, 0x2028c06d0601?)
	/opt/hostedtoolcache/go/1.26.4/x64/src/runtime/proc.go:462 +0xce fp=0x2028c06d0620 sp=0x2028c06d0600 pc=0x48d62e
runtime.runFinalizers()
	/opt/hostedtoolcache/go/1.26.4/x64/src/runtime/mfinal.go:210 +0x107 fp=0x2028c06d07e0 sp=0x2028c06d0620 pc=0x4314e7
runtime.goexit({})
	/opt/hostedtoolcache/go/1.26.4/x64/src/runtime/asm_amd64.s:1771 +0x1 fp=0x2028c06d07e8 sp=0x2028c06d07e0 pc=0x4950a1
created by runtime.createfing in goroutine 1
	/opt/hostedtoolcache/go/1.26.4/x64/src/runtime/mfinal.go:172 +0x3d

goroutine 7 gp=0x2028c0716780 m=nil [cleanup wait]:
runtime.gopark(0x0?, 0x0?, 0x0?, 0x0?, 0x0?)
	/opt/hostedtoolcache/go/1.26.4/x64/src/runtime/proc.go:462 +0xce fp=0x2028c06d2f68 sp=0x2028c06d2f48 pc=0x48d62e
runtime.goparkunlock(...)
	/opt/hostedtoolcache/go/1.26.4/x64/src/runtime/proc.go:468
runtime.(*cleanupQueue).dequeue(0x11a55e0)
	/opt/hostedtoolcache/go/1.26.4/x64/src/runtime/mcleanup.go:522 +0xd4 fp=0x2028c06d2fa0 sp=0x2028c06d2f68 pc=0x42da54
runtime.runCleanups()
	/opt/hostedtoolcache/go/1.26.4/x64/src/runtime/mcleanup.go:718 +0x45 fp=0x2028c06d2fe0 sp=0x2028c06d2fa0 pc=0x42e0c5
runtime.goexit({})
	/opt/hostedtoolcache/go/1.26.4/x64/src/runtime/asm_amd64.s:1771 +0x1 fp=0x2028c06d2fe8 sp=0x2028c06d2fe0 pc=0x4950a1
created by runtime.(*cleanupQueue).createGs in goroutine 1
	/opt/hostedtoolcache/go/1.26.4/x64/src/runtime/mcleanup.go:672 +0xa5

goroutine 25 gp=0x2028c0716960 m=nil [select, locked to thread]:
runtime.gopark(0x2028c06d37a8?, 0x2?, 0xa8?, 0x36?, 0x2028c06d3794?)
	/opt/hostedtoolcache/go/1.26.4/x64/src/runtime/proc.go:462 +0xce fp=0x2028c06d3628 sp=0x2028c06d3608 pc=0x48d62e
runtime.selectgo(0x2028c06d37a8, 0x2028c06d3790, 0x0?, 0x0, 0x2028c083e201?, 0x1)
	/opt/hostedtoolcache/go/1.26.4/x64/src/runtime/select.go:351 +0xaa5 fp=0x2028c06d3758 sp=0x2028c06d3628 pc=0x46b705
runtime.ensureSigM.func1()
	/opt/hostedtoolcache/go/1.26.4/x64/src/runtime/signal_unix.go:1091 +0x188 fp=0x2028c06d37e0 sp=0x2028c06d3758 pc=0x487d28
runtime.goexit({})
	/opt/hostedtoolcache/go/1.26.4/x64/src/runtime/asm_amd64.s:1771 +0x1 fp=0x2028c06d37e8 sp=0x2028c06d37e0 pc=0x4950a1
created by runtime.ensureSigM in goroutine 1
	/opt/hostedtoolcache/go/1.26.4/x64/src/runtime/signal_unix.go:1074 +0xc5

goroutine 26 gp=0x2028c0716b40 m=4 mp=0x2028c06d5808 [syscall]:
runtime.notetsleepg(0x16f1aa0, 0xffffffffffffffff)
	/opt/hostedtoolcache/go/1.26.4/x64/src/runtime/lock_futex.go:123 +0x29 fp=0x2028c06d3fa0 sp=0x2028c06d3f78 pc=0x426429
os/signal.signal_recv()
	/opt/hostedtoolcache/go/1.26.4/x64/src/runtime/sigqueue.go:152 +0x98 fp=0x2028c06d3fc0 sp=0x2028c06d3fa0 pc=0x48fcd8
os/signal.loop()
	/opt/hostedtoolcache/go/1.26.4/x64/src/os/signal/signal_unix.go:23 +0x13 fp=0x2028c06d3fe0 sp=0x2028c06d3fc0 pc=0x75a0f3
runtime.goexit({})
	/opt/hostedtoolcache/go/1.26.4/x64/src/runtime/asm_amd64.s:1771 +0x1 fp=0x2028c06d3fe8 sp=0x2028c06d3fe0 pc=0x4950a1
created by os/signal.Notify.func1.1 in goroutine 1
	/opt/hostedtoolcache/go/1.26.4/x64/src/os/signal/signal.go:152 +0x1f

goroutine 27 gp=0x2028c0716d20 m=nil [select]:
runtime.gopark(0x2028c06cc798?, 0x2?, 0xe0?, 0xaa?, 0x2028c06cc78c?)
	/opt/hostedtoolcache/go/1.26.4/x64/src/runtime/proc.go:462 +0xce fp=0x2028c06cc628 sp=0x2028c06cc608 pc=0x48d62e
runtime.selectgo(0x2028c06cc798, 0x2028c06cc788, 0x0?, 0x0, 0x0?, 0x1)
	/opt/hostedtoolcache/go/1.26.4/x64/src/runtime/select.go:351 +0xaa5 fp=0x2028c06cc758 sp=0x2028c06cc628 pc=0x46b705
os/signal.NotifyContext.func1()
	/opt/hostedtoolcache/go/1.26.4/x64/src/os/signal/signal.go:292 +0x7c fp=0x2028c06cc7e0 sp=0x2028c06cc758 pc=0x759bdc
runtime.goexit({})
	/opt/hostedtoolcache/go/1.26.4/x64/src/runtime/asm_amd64.s:1771 +0x1 fp=0x2028c06cc7e8 sp=0x2028c06cc7e0 pc=0x4950a1
created by os/signal.NotifyContext in goroutine 1
	/opt/hostedtoolcache/go/1.26.4/x64/src/os/signal/signal.go:291 +0x158

goroutine 28 gp=0x2028c0716f00 m=nil [GC worker (idle)]:
runtime.gopark(0xededc7389b?, 0x0?, 0x0?, 0x0?, 0x0?)
	/opt/hostedtoolcache/go/1.26.4/x64/src/runtime/proc.go:462 +0xce fp=0x2028c06ccf40 sp=0x2028c06ccf20 pc=0x48d62e
runtime.gcBgMarkWorker(0x2028c070a540)
	/opt/hostedtoolcache/go/1.26.4/x64/src/runtime/mgc.go:1791 +0xeb fp=0x2028c06ccfc8 sp=0x2028c06ccf40 pc=0x43504b
runtime.gcBgMarkStartWorkers.gowrap1()
	/opt/hostedtoolcache/go/1.26.4/x64/src/runtime/mgc.go:1695 +0x17 fp=0x2028c06ccfe0 sp=0x2028c06ccfc8 pc=0x434f37
runtime.goexit({})
	/opt/hostedtoolcache/go/1.26.4/x64/src/runtime/asm_amd64.s:1771 +0x1 fp=0x2028c06ccfe8 sp=0x2028c06ccfe0 pc=0x4950a1
created by runtime.gcBgMarkStartWorkers in goroutine 1
	/opt/hostedtoolcache/go/1.26.4/x64/src/runtime/mgc.go:1695 +0x105

goroutine 33 gp=0x2028c07170e0 m=nil [IO wait]:
runtime.gopark(0x0?, 0x0?, 0x0?, 0x0?, 0x0?)
	/opt/hostedtoolcache/go/1.26.4/x64/src/runtime/proc.go:462 +0xce fp=0x2028c06e3b78 sp=0x2028c06e3b58 pc=0x48d62e
runtime.netpollblock(0x48b2d3?, 0x41cd06?, 0x0?)
	/opt/hostedtoolcache/go/1.26.4/x64/src/runtime/netpoll.go:575 +0xf7 fp=0x2028c06e3bb0 sp=0x2028c06e3b78 pc=0x450e37
internal/poll.runtime_pollWait(0x7fc9ad3c0c00, 0x72)
	/opt/hostedtoolcache/go/1.26.4/x64/src/runtime/netpoll.go:351 +0x85 fp=0x2028c06e3bd0 sp=0x2028c06e3bb0 pc=0x48c805
internal/poll.(*pollDesc).wait(0x2028c0854a80?, 0xab0060?, 0x0)
	/opt/hostedtoolcache/go/1.26.4/x64/src/internal/poll/fd_poll_runtime.go:84 +0x27 fp=0x2028c06e3bf8 sp=0x2028c06e3bd0 pc=0x512e67
internal/poll.(*pollDesc).waitRead(...)
	/opt/hostedtoolcache/go/1.26.4/x64/src/internal/poll/fd_poll_runtime.go:89
internal/poll.(*FD).Accept(0x2028c0854a80)
	/opt/hostedtoolcache/go/1.26.4/x64/src/internal/poll/fd_unix.go:613 +0x28c fp=0x2028c06e3ca0 sp=0x2028c06e3bf8 pc=0x517eec
net.(*netFD).accept(0x2028c0854a80)
	/opt/hostedtoolcache/go/1.26.4/x64/src/net/fd_unix.go:150 +0x29 fp=0x2028c06e3d58 sp=0x2028c06e3ca0 pc=0x5902a9
net.(*TCPListener).accept(0x2028c0c08a00)
	/opt/hostedtoolcache/go/1.26.4/x64/src/net/tcpsock_posix.go:159 +0x1b fp=0x2028c06e3da8 sp=0x2028c06e3d58 pc=0x5a49bb
net.(*TCPListener).Accept(0x2028c0c08a00)
	/opt/hostedtoolcache/go/1.26.4/x64/src/net/tcpsock.go:387 +0x30 fp=0x2028c06e3dd8 sp=0x2028c06e3da8 pc=0x5a3c50
net/http.(*onceCloseListener).Accept(0xbd2810?)
	<autogenerated>:1 +0x1b fp=0x2028c06e3df0 sp=0x2028c06e3dd8 pc=0x75789b
net/http.(*Server).Serve(0x2028c067cb00, {0xbd0fb0, 0x2028c0c08a00})
	/opt/hostedtoolcache/go/1.26.4/x64/src/net/http/server.go:3434 +0x30c fp=0x2028c06e3f20 sp=0x2028c06e3df0 pc=0x72fb0c
net/http.(*Server).ListenAndServe(0x2028c067cb00)
	/opt/hostedtoolcache/go/1.26.4/x64/src/net/http/server.go:3360 +0x72 fp=0x2028c06e3f50 sp=0x2028c06e3f20 pc=0x72f6f2
net/http.ListenAndServe(...)
	/opt/hostedtoolcache/go/1.26.4/x64/src/net/http/server.go:3675
main.main.func1()
	/home/runner/work/jrouter/jrouter/main.go:138 +0x7a fp=0x2028c06e3fe0 sp=0x2028c06e3f50 pc=0x99f9da
runtime.goexit({})
	/opt/hostedtoolcache/go/1.26.4/x64/src/runtime/asm_amd64.s:1771 +0x1 fp=0x2028c06e3fe8 sp=0x2028c06e3fe0 pc=0x4950a1
created by main.main in goroutine 1
	/home/runner/work/jrouter/jrouter/main.go:137 +0xaf5

goroutine 248 gp=0x2028c0717a40 m=nil [chan receive]:
runtime.gopark(0x28?, 0xaeca60?, 0x1?, 0xa?, 0x2028c0c7be18?)
	/opt/hostedtoolcache/go/1.26.4/x64/src/runtime/proc.go:462 +0xce fp=0x2028c0c7bde8 sp=0x2028c0c7bdc8 pc=0x48d62e
runtime.chanrecv(0x2028c070a690, 0x0, 0x1)
	/opt/hostedtoolcache/go/1.26.4/x64/src/runtime/chan.go:667 +0x4ae fp=0x2028c0c7be60 sp=0x2028c0c7bde8 pc=0x41ffee
runtime.chanrecv1(0xb92fec?, 0x2028c0fe7ad0?)
	/opt/hostedtoolcache/go/1.26.4/x64/src/runtime/chan.go:509 +0x12 fp=0x2028c0c7be88 sp=0x2028c0c7be60 pc=0x41fb12
drjosh.dev/jrouter/router.(*EtherTalkPort).RunRTMP(0x2028c0854d80, {0xbd28b8, 0x2028c0fe7ad0})
	/home/runner/work/jrouter/jrouter/router/rtmp.go:178 +0x135 fp=0x2028c0c7bfb8 sp=0x2028c0c7be88 pc=0x97aff5
main.main.gowrap3()
	/home/runner/work/jrouter/jrouter/main.go:170 +0x1f fp=0x2028c0c7bfe0 sp=0x2028c0c7bfb8 pc=0x99f8ff
runtime.goexit({})
	/opt/hostedtoolcache/go/1.26.4/x64/src/runtime/asm_amd64.s:1771 +0x1 fp=0x2028c0c7bfe8 sp=0x2028c0c7bfe0 pc=0x4950a1
created by main.main in goroutine 1
	/home/runner/work/jrouter/jrouter/main.go:170 +0xd35

goroutine 250 gp=0x2028c0c701e0 m=nil [select]:
runtime.gopark(0x2028c0767c30?, 0x2?, 0x48?, 0x7b?, 0x2028c0767bd4?)
	/opt/hostedtoolcache/go/1.26.4/x64/src/runtime/proc.go:462 +0xce fp=0x2028c0767a28 sp=0x2028c0767a08 pc=0x48d62e
runtime.selectgo(0x2028c0767c30, 0x2028c0767bd0, 0x7fc9ac2ab4c0?, 0x0, 0x30?, 0x1)
	/opt/hostedtoolcache/go/1.26.4/x64/src/runtime/select.go:351 +0xaa5 fp=0x2028c0767b58 sp=0x2028c0767a28 pc=0x46b705
reflect.rselect({0x2028c0767d28, 0x2, 0xa62ea0?})
	/opt/hostedtoolcache/go/1.26.4/x64/src/runtime/select.go:616 +0x3cd fp=0x2028c0767c60 sp=0x2028c0767b58 pc=0x48ee2d
reflect.Select({0x2028c0767e98?, 0x2, 0x2028c0767e40?})
	/opt/hostedtoolcache/go/1.26.4/x64/src/reflect/value.go:3018 +0x5a7 fp=0x2028c0767dc0 sp=0x2028c0767c60 pc=0x4ff1c7
drjosh.dev/jrouter/router.(*EtherTalkPort).Outbox(0x2028c0854d80, {0xbd28b8, 0x2028c0fe7ad0})
	/home/runner/work/jrouter/jrouter/router/etalk_port.go:182 +0x28f fp=0x2028c0767f88 sp=0x2028c0767dc0 pc=0x97054f
main.main.func3()
	/home/runner/work/jrouter/jrouter/main.go:174 +0x1f fp=0x2028c0767fb0 sp=0x2028c0767f88 pc=0x99f87f
sync.(*WaitGroup).Go.func1()
	/opt/hostedtoolcache/go/1.26.4/x64/src/sync/waitgroup.go:258 +0x4a fp=0x2028c0767fe0 sp=0x2028c0767fb0 pc=0x4a01aa
runtime.goexit({})
	/opt/hostedtoolcache/go/1.26.4/x64/src/runtime/asm_amd64.s:1771 +0x1 fp=0x2028c0767fe8 sp=0x2028c0767fe0 pc=0x4950a1
created by sync.(*WaitGroup).Go in goroutine 1
	/opt/hostedtoolcache/go/1.26.4/x64/src/sync/waitgroup.go:238 +0x73

goroutine 251 gp=0x2028c0c703c0 m=nil [IO wait]:
runtime.gopark(0x0?, 0x0?, 0x0?, 0x0?, 0x0?)
	/opt/hostedtoolcache/go/1.26.4/x64/src/runtime/proc.go:462 +0xce fp=0x2028c06df868 sp=0x2028c06df848 pc=0x48d62e
runtime.netpollblock(0x0?, 0x41cd06?, 0x0?)
	/opt/hostedtoolcache/go/1.26.4/x64/src/runtime/netpoll.go:575 +0xf7 fp=0x2028c06df8a0 sp=0x2028c06df868 pc=0x450e37
internal/poll.runtime_pollWait(0x7fc9ad3c0e00, 0x72)
	/opt/hostedtoolcache/go/1.26.4/x64/src/runtime/netpoll.go:351 +0x85 fp=0x2028c06df8c0 sp=0x2028c06df8a0 pc=0x48c805
internal/poll.(*pollDesc).wait(0x2028c0854580?, 0x2028c12c3000?, 0x0)
	/opt/hostedtoolcache/go/1.26.4/x64/src/internal/poll/fd_poll_runtime.go:84 +0x27 fp=0x2028c06df8e8 sp=0x2028c06df8c0 pc=0x512e67
internal/poll.(*pollDesc).waitRead(...)
	/opt/hostedtoolcache/go/1.26.4/x64/src/internal/poll/fd_poll_runtime.go:89
internal/poll.(*FD).ReadFromInet4(0x2028c0854580, {0x2028c12c3000, 0x1000, 0x1000}, 0x2028c06dfa30)
	/opt/hostedtoolcache/go/1.26.4/x64/src/internal/poll/fd_unix.go:241 +0x208 fp=0x2028c06df978 sp=0x2028c06df8e8 pc=0x514968
net.(*netFD).readFromInet4(0x2028c0854580, {0x2028c12c3000?, 0xad4fe0?, 0x7fc9ad3c0f20?}, 0x30?)
	/opt/hostedtoolcache/go/1.26.4/x64/src/net/fd_posix.go:79 +0x25 fp=0x2028c06df9c8 sp=0x2028c06df978 pc=0x58e765
net.(*UDPConn).readFrom(0x30?, {0x2028c12c3000?, 0x2028c0854580?, 0x0?}, 0x2028c126b830)
	/opt/hostedtoolcache/go/1.26.4/x64/src/net/udpsock_posix.go:52 +0x19b fp=0x2028c06dfab8 sp=0x2028c06df9c8 pc=0x5a785b
net.(*UDPConn).readFromUDP(0x2028c0682570, {0x2028c12c3000?, 0x11a5060?, 0x11a5060?}, 0x2028c1238ca8?)
	/opt/hostedtoolcache/go/1.26.4/x64/src/net/udpsock.go:146 +0x30 fp=0x2028c06dfb10 sp=0x2028c06dfab8 pc=0x5a5b90
net.(*UDPConn).ReadFromUDP(...)
	/opt/hostedtoolcache/go/1.26.4/x64/src/net/udpsock.go:138
drjosh.dev/jrouter/router.(*Router).AURPInput(0x2028c0757400, {0xbd2b70, 0x2028c06f5a00}, 0x2028c06b7390, 0x2028c0694430, 0x2028c0682570)
	/home/runner/work/jrouter/jrouter/router/aurp.go:47 +0x20e fp=0x2028c06dff70 sp=0x2028c06dfb10 pc=0x9605ee
main.main.func4()
	/home/runner/work/jrouter/jrouter/main.go:180 +0x2b fp=0x2028c06dffb0 sp=0x2028c06dff70 pc=0x99f84b
sync.(*WaitGroup).Go.func1()
	/opt/hostedtoolcache/go/1.26.4/x64/src/sync/waitgroup.go:258 +0x4a fp=0x2028c06dffe0 sp=0x2028c06dffb0 pc=0x4a01aa
runtime.goexit({})
	/opt/hostedtoolcache/go/1.26.4/x64/src/runtime/asm_amd64.s:1771 +0x1 fp=0x2028c06dffe8 sp=0x2028c06dffe0 pc=0x4950a1
created by sync.(*WaitGroup).Go in goroutine 1
	/opt/hostedtoolcache/go/1.26.4/x64/src/sync/waitgroup.go:238 +0x73

goroutine 252 gp=0x2028c0c705a0 m=nil [select]:
runtime.gopark(0x2028c06cef30?, 0x2?, 0x70?, 0x0?, 0x2028c06ceef4?)
	/opt/hostedtoolcache/go/1.26.4/x64/src/runtime/proc.go:462 +0xce fp=0x2028c06ced88 sp=0x2028c06ced68 pc=0x48d62e
runtime.selectgo(0x2028c06cef30, 0x2028c06ceef0, 0xb93f96?, 0x0, 0x0?, 0x1)
	/opt/hostedtoolcache/go/1.26.4/x64/src/runtime/select.go:351 +0xaa5 fp=0x2028c06ceeb8 sp=0x2028c06ced88 pc=0x46b705
drjosh.dev/jrouter/router.(*AURPPeerTable).PeriodicallyAttemptConnections(0x2028c0c06600, {0xbd2b70?, 0x2028c06f5a00?}, 0x2028c06b7390, 0x2028c0694430)
	/home/runner/work/jrouter/jrouter/router/aurp_peer_table.go:194 +0x125 fp=0x2028c06cef78 sp=0x2028c06ceeb8 pc=0x96b7c5
main.main.func5()
	/home/runner/work/jrouter/jrouter/main.go:181 +0x2b fp=0x2028c06cefb0 sp=0x2028c06cef78 pc=0x99f80b
sync.(*WaitGroup).Go.func1()
	/opt/hostedtoolcache/go/1.26.4/x64/src/sync/waitgroup.go:258 +0x4a fp=0x2028c06cefe0 sp=0x2028c06cefb0 pc=0x4a01aa
runtime.goexit({})
	/opt/hostedtoolcache/go/1.26.4/x64/src/runtime/asm_amd64.s:1771 +0x1 fp=0x2028c06cefe8 sp=0x2028c06cefe0 pc=0x4950a1
created by sync.(*WaitGroup).Go in goroutine 1
	/opt/hostedtoolcache/go/1.26.4/x64/src/sync/waitgroup.go:238 +0x73

goroutine 253 gp=0x2028c0c70780 m=nil [select]:
runtime.gopark(0x2028c06e0eb8?, 0x5?, 0xa5?, 0x90?, 0x2028c06e0d86?)
	/opt/hostedtoolcache/go/1.26.4/x64/src/runtime/proc.go:462 +0xce fp=0x2028c06e0c00 sp=0x2028c06e0be0 pc=0x48d62e
runtime.selectgo(0x2028c06e0eb8, 0x2028c06e0d7c, 0x2028c0c0bd40?, 0x0, 0x0?, 0x1)
	/opt/hostedtoolcache/go/1.26.4/x64/src/runtime/select.go:351 +0xaa5 fp=0x2028c06e0d30 sp=0x2028c06e0c00 pc=0x46b705
drjosh.dev/jrouter/router.(*AURPPeer).Handle(0x0?, {0xbd2b70, 0x2028c06f5a00})
	/home/runner/work/jrouter/jrouter/router/aurp_peer.go:299 +0x54d fp=0x2028c06e0f88 sp=0x2028c06e0d30 pc=0x962d4d
drjosh.dev/jrouter/router.(*AURPPeerTable).RunAll.func1()
	/home/runner/work/jrouter/jrouter/router/aurp_peer_table.go:67 +0x1f fp=0x2028c06e0fb0 sp=0x2028c06e0f88 pc=0x96a61f
sync.(*WaitGroup).Go.func1()
	/opt/hostedtoolcache/go/1.26.4/x64/src/sync/waitgroup.go:258 +0x4a fp=0x2028c06e0fe0 sp=0x2028c06e0fb0 pc=0x4a01aa
runtime.goexit({})
	/opt/hostedtoolcache/go/1.26.4/x64/src/runtime/asm_amd64.s:1771 +0x1 fp=0x2028c06e0fe8 sp=0x2028c06e0fe0 pc=0x4950a1
created by sync.(*WaitGroup).Go in goroutine 1
	/opt/hostedtoolcache/go/1.26.4/x64/src/sync/waitgroup.go:238 +0x73

goroutine 254 gp=0x2028c0c70960 m=nil [select]:
runtime.gopark(0x2028c06e1eb8?, 0x5?, 0xa5?, 0x90?, 0x2028c06e1d86?)
	/opt/hostedtoolcache/go/1.26.4/x64/src/runtime/proc.go:462 +0xce fp=0x2028c06e1c00 sp=0x2028c06e1be0 pc=0x48d62e
runtime.selectgo(0x2028c06e1eb8, 0x2028c06e1d7c, 0x2028c0c0be60?, 0x0, 0x0?, 0x1)
	/opt/hostedtoolcache/go/1.26.4/x64/src/runtime/select.go:351 +0xaa5 fp=0x2028c06e1d30 sp=0x2028c06e1c00 pc=0x46b705
drjosh.dev/jrouter/router.(*AURPPeer).Handle(0x0?, {0xbd2b70, 0x2028c06f5a00})
	/home/runner/work/jrouter/jrouter/router/aurp_peer.go:299 +0x54d fp=0x2028c06e1f88 sp=0x2028c06e1d30 pc=0x962d4d
drjosh.dev/jrouter/router.(*AURPPeerTable).RunAll.func1()
	/home/runner/work/jrouter/jrouter/router/aurp_peer_table.go:67 +0x1f fp=0x2028c06e1fb0 sp=0x2028c06e1f88 pc=0x96a61f
sync.(*WaitGroup).Go.func1()
	/opt/hostedtoolcache/go/1.26.4/x64/src/sync/waitgroup.go:258 +0x4a fp=0x2028c06e1fe0 sp=0x2028c06e1fb0 pc=0x4a01aa
runtime.goexit({})
	/opt/hostedtoolcache/go/1.26.4/x64/src/runtime/asm_amd64.s:1771 +0x1 fp=0x2028c06e1fe8 sp=0x2028c06e1fe0 pc=0x4950a1
created by sync.(*WaitGroup).Go in goroutine 1
	/opt/hostedtoolcache/go/1.26.4/x64/src/sync/waitgroup.go:238 +0x73

goroutine 255 gp=0x2028c0c70b40 m=nil [select]:
runtime.gopark(0x2028c06e5eb8?, 0x5?, 0xa5?, 0x90?, 0x2028c06e5d86?)
	/opt/hostedtoolcache/go/1.26.4/x64/src/runtime/proc.go:462 +0xce fp=0x2028c06e5c00 sp=0x2028c06e5be0 pc=0x48d62e
runtime.selectgo(0x2028c06e5eb8, 0x2028c06e5d7c, 0x2028c0700e40?, 0x0, 0x0?, 0x1)
	/opt/hostedtoolcache/go/1.26.4/x64/src/runtime/select.go:351 +0xaa5 fp=0x2028c06e5d30 sp=0x2028c06e5c00 pc=0x46b705
drjosh.dev/jrouter/router.(*AURPPeer).Handle(0x0?, {0xbd2b70, 0x2028c06f5a00})
	/home/runner/work/jrouter/jrouter/router/aurp_peer.go:299 +0x54d fp=0x2028c06e5f88 sp=0x2028c06e5d30 pc=0x962d4d
drjosh.dev/jrouter/router.(*AURPPeerTable).RunAll.func1()
	/home/runner/work/jrouter/jrouter/router/aurp_peer_table.go:67 +0x1f fp=0x2028c06e5fb0 sp=0x2028c06e5f88 pc=0x96a61f
sync.(*WaitGroup).Go.func1()
	/opt/hostedtoolcache/go/1.26.4/x64/src/sync/waitgroup.go:258 +0x4a fp=0x2028c06e5fe0 sp=0x2028c06e5fb0 pc=0x4a01aa
runtime.goexit({})
	/opt/hostedtoolcache/go/1.26.4/x64/src/runtime/asm_amd64.s:1771 +0x1 fp=0x2028c06e5fe8 sp=0x2028c06e5fe0 pc=0x4950a1
created by sync.(*WaitGroup).Go in goroutine 1
	/opt/hostedtoolcache/go/1.26.4/x64/src/sync/waitgroup.go:238 +0x73

goroutine 256 gp=0x2028c0c70d20 m=nil [select]:
runtime.gopark(0x2028c10bbeb8?, 0x5?, 0xa5?, 0x90?, 0x2028c10bbd86?)
	/opt/hostedtoolcache/go/1.26.4/x64/src/runtime/proc.go:462 +0xce fp=0x2028c10bbc00 sp=0x2028c10bbbe0 pc=0x48d62e
runtime.selectgo(0x2028c10bbeb8, 0x2028c10bbd7c, 0x2028c10be000?, 0x0, 0x0?, 0x1)
	/opt/hostedtoolcache/go/1.26.4/x64/src/runtime/select.go:351 +0xaa5 fp=0x2028c10bbd30 sp=0x2028c10bbc00 pc=0x46b705
drjosh.dev/jrouter/router.(*AURPPeer).Handle(0x0?, {0xbd2b70, 0x2028c06f5a00})
	/home/runner/work/jrouter/jrouter/router/aurp_peer.go:299 +0x54d fp=0x2028c10bbf88 sp=0x2028c10bbd30 pc=0x962d4d
drjosh.dev/jrouter/router.(*AURPPeerTable).RunAll.func1()
	/home/runner/work/jrouter/jrouter/router/aurp_peer_table.go:67 +0x1f fp=0x2028c10bbfb0 sp=0x2028c10bbf88 pc=0x96a61f
sync.(*WaitGroup).Go.func1()
	/opt/hostedtoolcache/go/1.26.4/x64/src/sync/waitgroup.go:258 +0x4a fp=0x2028c10bbfe0 sp=0x2028c10bbfb0 pc=0x4a01aa
runtime.goexit({})
	/opt/hostedtoolcache/go/1.26.4/x64/src/runtime/asm_amd64.s:1771 +0x1 fp=0x2028c10bbfe8 sp=0x2028c10bbfe0 pc=0x4950a1
created by sync.(*WaitGroup).Go in goroutine 1
	/opt/hostedtoolcache/go/1.26.4/x64/src/sync/waitgroup.go:238 +0x73

goroutine 257 gp=0x2028c0c70f00 m=nil [select]:
runtime.gopark(0x2028c10bceb8?, 0x5?, 0xa5?, 0x90?, 0x2028c10bcd86?)
	/opt/hostedtoolcache/go/1.26.4/x64/src/runtime/proc.go:462 +0xce fp=0x2028c10bcc00 sp=0x2028c10bcbe0 pc=0x48d62e
runtime.selectgo(0x2028c10bceb8, 0x2028c10bcd7c, 0x2028c10be120?, 0x0, 0x0?, 0x1)
	/opt/hostedtoolcache/go/1.26.4/x64/src/runtime/select.go:351 +0xaa5 fp=0x2028c10bcd30 sp=0x2028c10bcc00 pc=0x46b705
drjosh.dev/jrouter/router.(*AURPPeer).Handle(0x0?, {0xbd2b70, 0x2028c06f5a00})
	/home/runner/work/jrouter/jrouter/router/aurp_peer.go:299 +0x54d fp=0x2028c10bcf88 sp=0x2028c10bcd30 pc=0x962d4d
drjosh.dev/jrouter/router.(*AURPPeerTable).RunAll.func1()
	/home/runner/work/jrouter/jrouter/router/aurp_peer_table.go:67 +0x1f fp=0x2028c10bcfb0 sp=0x2028c10bcf88 pc=0x96a61f
sync.(*WaitGroup).Go.func1()
	/opt/hostedtoolcache/go/1.26.4/x64/src/sync/waitgroup.go:258 +0x4a fp=0x2028c10bcfe0 sp=0x2028c10bcfb0 pc=0x4a01aa
runtime.goexit({})
	/opt/hostedtoolcache/go/1.26.4/x64/src/runtime/asm_amd64.s:1771 +0x1 fp=0x2028c10bcfe8 sp=0x2028c10bcfe0 pc=0x4950a1
created by sync.(*WaitGroup).Go in goroutine 1
	/opt/hostedtoolcache/go/1.26.4/x64/src/sync/waitgroup.go:238 +0x73

goroutine 258 gp=0x2028c0c710e0 m=nil [select]:
runtime.gopark(0x2028c10bdeb8?, 0x5?, 0xa5?, 0x90?, 0x2028c10bdd86?)
	/opt/hostedtoolcache/go/1.26.4/x64/src/runtime/proc.go:462 +0xce fp=0x2028c10bdc00 sp=0x2028c10bdbe0 pc=0x48d62e
runtime.selectgo(0x2028c10bdeb8, 0x2028c10bdd7c, 0x2028c10be240?, 0x0, 0x0?, 0x1)
	/opt/hostedtoolcache/go/1.26.4/x64/src/runtime/select.go:351 +0xaa5 fp=0x2028c10bdd30 sp=0x2028c10bdc00 pc=0x46b705
drjosh.dev/jrouter/router.(*AURPPeer).Handle(0x0?, {0xbd2b70, 0x2028c06f5a00})
	/home/runner/work/jrouter/jrouter/router/aurp_peer.go:299 +0x54d fp=0x2028c10bdf88 sp=0x2028c10bdd30 pc=0x962d4d
drjosh.dev/jrouter/router.(*AURPPeerTable).RunAll.func1()
	/home/runner/work/jrouter/jrouter/router/aurp_peer_table.go:67 +0x1f fp=0x2028c10bdfb0 sp=0x2028c10bdf88 pc=0x96a61f
sync.(*WaitGroup).Go.func1()
	/opt/hostedtoolcache/go/1.26.4/x64/src/sync/waitgroup.go:258 +0x4a fp=0x2028c10bdfe0 sp=0x2028c10bdfb0 pc=0x4a01aa
runtime.goexit({})
	/opt/hostedtoolcache/go/1.26.4/x64/src/runtime/asm_amd64.s:1771 +0x1 fp=0x2028c10bdfe8 sp=0x2028c10bdfe0 pc=0x4950a1
created by sync.(*WaitGroup).Go in goroutine 1
	/opt/hostedtoolcache/go/1.26.4/x64/src/sync/waitgroup.go:238 +0x73

goroutine 259 gp=0x2028c0c712c0 m=nil [select]:
runtime.gopark(0x2028c06deeb8?, 0x5?, 0xa5?, 0x90?, 0x2028c06ded86?)
	/opt/hostedtoolcache/go/1.26.4/x64/src/runtime/proc.go:462 +0xce fp=0x2028c06dec00 sp=0x2028c06debe0 pc=0x48d62e
runtime.selectgo(0x2028c06deeb8, 0x2028c06ded7c, 0x2028c10be360?, 0x0, 0x0?, 0x1)
	/opt/hostedtoolcache/go/1.26.4/x64/src/runtime/select.go:351 +0xaa5 fp=0x2028c06ded30 sp=0x2028c06dec00 pc=0x46b705
drjosh.dev/jrouter/router.(*AURPPeer).Handle(0x0?, {0xbd2b70, 0x2028c06f5a00})
	/home/runner/work/jrouter/jrouter/router/aurp_peer.go:299 +0x54d fp=0x2028c06def88 sp=0x2028c06ded30 pc=0x962d4d
drjosh.dev/jrouter/router.(*AURPPeerTable).RunAll.func1()
	/home/runner/work/jrouter/jrouter/router/aurp_peer_table.go:67 +0x1f fp=0x2028c06defb0 sp=0x2028c06def88 pc=0x96a61f
sync.(*WaitGroup).Go.func1()
	/opt/hostedtoolcache/go/1.26.4/x64/src/sync/waitgroup.go:258 +0x4a fp=0x2028c06defe0 sp=0x2028c06defb0 pc=0x4a01aa
runtime.goexit({})
	/opt/hostedtoolcache/go/1.26.4/x64/src/runtime/asm_amd64.s:1771 +0x1 fp=0x2028c06defe8 sp=0x2028c06defe0 pc=0x4950a1
created by sync.(*WaitGroup).Go in goroutine 1
	/opt/hostedtoolcache/go/1.26.4/x64/src/sync/waitgroup.go:238 +0x73

goroutine 260 gp=0x2028c0c714a0 m=nil [select]:
runtime.gopark(0x2028c10b7eb8?, 0x5?, 0xa5?, 0x90?, 0x2028c10b7d86?)
	/opt/hostedtoolcache/go/1.26.4/x64/src/runtime/proc.go:462 +0xce fp=0x2028c10b7c00 sp=0x2028c10b7be0 pc=0x48d62e
runtime.selectgo(0x2028c10b7eb8, 0x2028c10b7d7c, 0x2028c10be480?, 0x0, 0x0?, 0x1)
	/opt/hostedtoolcache/go/1.26.4/x64/src/runtime/select.go:351 +0xaa5 fp=0x2028c10b7d30 sp=0x2028c10b7c00 pc=0x46b705
drjosh.dev/jrouter/router.(*AURPPeer).Handle(0x0?, {0xbd2b70, 0x2028c06f5a00})
	/home/runner/work/jrouter/jrouter/router/aurp_peer.go:299 +0x54d fp=0x2028c10b7f88 sp=0x2028c10b7d30 pc=0x962d4d
drjosh.dev/jrouter/router.(*AURPPeerTable).RunAll.func1()
	/home/runner/work/jrouter/jrouter/router/aurp_peer_table.go:67 +0x1f fp=0x2028c10b7fb0 sp=0x2028c10b7f88 pc=0x96a61f
sync.(*WaitGroup).Go.func1()
	/opt/hostedtoolcache/go/1.26.4/x64/src/sync/waitgroup.go:258 +0x4a fp=0x2028c10b7fe0 sp=0x2028c10b7fb0 pc=0x4a01aa
runtime.goexit({})
	/opt/hostedtoolcache/go/1.26.4/x64/src/runtime/asm_amd64.s:1771 +0x1 fp=0x2028c10b7fe8 sp=0x2028c10b7fe0 pc=0x4950a1
created by sync.(*WaitGroup).Go in goroutine 1
	/opt/hostedtoolcache/go/1.26.4/x64/src/sync/waitgroup.go:238 +0x73

goroutine 261 gp=0x2028c0c71680 m=nil [select]:
runtime.gopark(0x2028c10b8eb8?, 0x5?, 0xa5?, 0x90?, 0x2028c10b8d86?)
	/opt/hostedtoolcache/go/1.26.4/x64/src/runtime/proc.go:462 +0xce fp=0x2028c10b8c00 sp=0x2028c10b8be0 pc=0x48d62e
runtime.selectgo(0x2028c10b8eb8, 0x2028c10b8d7c, 0x2028c10be5a0?, 0x0, 0x0?, 0x1)
	/opt/hostedtoolcache/go/1.26.4/x64/src/runtime/select.go:351 +0xaa5 fp=0x2028c10b8d30 sp=0x2028c10b8c00 pc=0x46b705
drjosh.dev/jrouter/router.(*AURPPeer).Handle(0x0?, {0xbd2b70, 0x2028c06f5a00})
	/home/runner/work/jrouter/jrouter/router/aurp_peer.go:299 +0x54d fp=0x2028c10b8f88 sp=0x2028c10b8d30 pc=0x962d4d
drjosh.dev/jrouter/router.(*AURPPeerTable).RunAll.func1()
	/home/runner/work/jrouter/jrouter/router/aurp_peer_table.go:67 +0x1f fp=0x2028c10b8fb0 sp=0x2028c10b8f88 pc=0x96a61f
sync.(*WaitGroup).Go.func1()
	/opt/hostedtoolcache/go/1.26.4/x64/src/sync/waitgroup.go:258 +0x4a fp=0x2028c10b8fe0 sp=0x2028c10b8fb0 pc=0x4a01aa
runtime.goexit({})
	/opt/hostedtoolcache/go/1.26.4/x64/src/runtime/asm_amd64.s:1771 +0x1 fp=0x2028c10b8fe8 sp=0x2028c10b8fe0 pc=0x4950a1
created by sync.(*WaitGroup).Go in goroutine 1
	/opt/hostedtoolcache/go/1.26.4/x64/src/sync/waitgroup.go:238 +0x73

goroutine 262 gp=0x2028c0c71860 m=nil [select]:
runtime.gopark(0x2028c1203eb8?, 0x5?, 0xa5?, 0x90?, 0x2028c1203d86?)
	/opt/hostedtoolcache/go/1.26.4/x64/src/runtime/proc.go:462 +0xce fp=0x2028c1203c00 sp=0x2028c1203be0 pc=0x48d62e
runtime.selectgo(0x2028c1203eb8, 0x2028c1203d7c, 0x2028c11fe360?, 0x0, 0x0?, 0x1)
	/opt/hostedtoolcache/go/1.26.4/x64/src/runtime/select.go:351 +0xaa5 fp=0x2028c1203d30 sp=0x2028c1203c00 pc=0x46b705
drjosh.dev/jrouter/router.(*AURPPeer).Handle(0x0?, {0xbd2b70, 0x2028c06f5a00})
	/home/runner/work/jrouter/jrouter/router/aurp_peer.go:299 +0x54d fp=0x2028c1203f88 sp=0x2028c1203d30 pc=0x962d4d
drjosh.dev/jrouter/router.(*AURPPeerTable).RunAll.func1()
	/home/runner/work/jrouter/jrouter/router/aurp_peer_table.go:67 +0x1f fp=0x2028c1203fb0 sp=0x2028c1203f88 pc=0x96a61f
sync.(*WaitGroup).Go.func1()
	/opt/hostedtoolcache/go/1.26.4/x64/src/sync/waitgroup.go:258 +0x4a fp=0x2028c1203fe0 sp=0x2028c1203fb0 pc=0x4a01aa
runtime.goexit({})
	/opt/hostedtoolcache/go/1.26.4/x64/src/runtime/asm_amd64.s:1771 +0x1 fp=0x2028c1203fe8 sp=0x2028c1203fe0 pc=0x4950a1
created by sync.(*WaitGroup).Go in goroutine 1
	/opt/hostedtoolcache/go/1.26.4/x64/src/sync/waitgroup.go:238 +0x73

goroutine 263 gp=0x2028c0c71a40 m=nil [select]:
runtime.gopark(0x2028c10baeb8?, 0x5?, 0xa5?, 0x90?, 0x2028c10bad86?)
	/opt/hostedtoolcache/go/1.26.4/x64/src/runtime/proc.go:462 +0xce fp=0x2028c10bac00 sp=0x2028c10babe0 pc=0x48d62e
runtime.selectgo(0x2028c10baeb8, 0x2028c10bad7c, 0x2028c10be7e0?, 0x0, 0x0?, 0x1)
	/opt/hostedtoolcache/go/1.26.4/x64/src/runtime/select.go:351 +0xaa5 fp=0x2028c10bad30 sp=0x2028c10bac00 pc=0x46b705
drjosh.dev/jrouter/router.(*AURPPeer).Handle(0x0?, {0xbd2b70, 0x2028c06f5a00})
	/home/runner/work/jrouter/jrouter/router/aurp_peer.go:299 +0x54d fp=0x2028c10baf88 sp=0x2028c10bad30 pc=0x962d4d
drjosh.dev/jrouter/router.(*AURPPeerTable).RunAll.func1()
	/home/runner/work/jrouter/jrouter/router/aurp_peer_table.go:67 +0x1f fp=0x2028c10bafb0 sp=0x2028c10baf88 pc=0x96a61f
sync.(*WaitGroup).Go.func1()
	/opt/hostedtoolcache/go/1.26.4/x64/src/sync/waitgroup.go:258 +0x4a fp=0x2028c10bafe0 sp=0x2028c10bafb0 pc=0x4a01aa
runtime.goexit({})
	/opt/hostedtoolcache/go/1.26.4/x64/src/runtime/asm_amd64.s:1771 +0x1 fp=0x2028c10bafe8 sp=0x2028c10bafe0 pc=0x4950a1
created by sync.(*WaitGroup).Go in goroutine 1
	/opt/hostedtoolcache/go/1.26.4/x64/src/sync/waitgroup.go:238 +0x73

goroutine 264 gp=0x2028c0c71c20 m=nil [select]:
runtime.gopark(0x2028c10c5eb8?, 0x5?, 0xa5?, 0x90?, 0x2028c10c5d86?)
	/opt/hostedtoolcache/go/1.26.4/x64/src/runtime/proc.go:462 +0xce fp=0x2028c10c5c00 sp=0x2028c10c5be0 pc=0x48d62e
runtime.selectgo(0x2028c10c5eb8, 0x2028c10c5d7c, 0x2028c10be900?, 0x0, 0x0?, 0x1)
	/opt/hostedtoolcache/go/1.26.4/x64/src/runtime/select.go:351 +0xaa5 fp=0x2028c10c5d30 sp=0x2028c10c5c00 pc=0x46b705
drjosh.dev/jrouter/router.(*AURPPeer).Handle(0x0?, {0xbd2b70, 0x2028c06f5a00})
	/home/runner/work/jrouter/jrouter/router/aurp_peer.go:299 +0x54d fp=0x2028c10c5f88 sp=0x2028c10c5d30 pc=0x962d4d
drjosh.dev/jrouter/router.(*AURPPeerTable).RunAll.func1()
	/home/runner/work/jrouter/jrouter/router/aurp_peer_table.go:67 +0x1f fp=0x2028c10c5fb0 sp=0x2028c10c5f88 pc=0x96a61f
sync.(*WaitGroup).Go.func1()
	/opt/hostedtoolcache/go/1.26.4/x64/src/sync/waitgroup.go:258 +0x4a fp=0x2028c10c5fe0 sp=0x2028c10c5fb0 pc=0x4a01aa
runtime.goexit({})
	/opt/hostedtoolcache/go/1.26.4/x64/src/runtime/asm_amd64.s:1771 +0x1 fp=0x2028c10c5fe8 sp=0x2028c10c5fe0 pc=0x4950a1
created by sync.(*WaitGroup).Go in goroutine 1
	/opt/hostedtoolcache/go/1.26.4/x64/src/sync/waitgroup.go:238 +0x73

goroutine 265 gp=0x2028c0ffc000 m=nil [select]:
runtime.gopark(0x2028c10c6eb8?, 0x5?, 0xa5?, 0x90?, 0x2028c10c6d86?)
	/opt/hostedtoolcache/go/1.26.4/x64/src/runtime/proc.go:462 +0xce fp=0x2028c10c6c00 sp=0x2028c10c6be0 pc=0x48d62e
runtime.selectgo(0x2028c10c6eb8, 0x2028c10c6d7c, 0x2028c10bea20?, 0x0, 0x0?, 0x1)
	/opt/hostedtoolcache/go/1.26.4/x64/src/runtime/select.go:351 +0xaa5 fp=0x2028c10c6d30 sp=0x2028c10c6c00 pc=0x46b705
drjosh.dev/jrouter/router.(*AURPPeer).Handle(0x0?, {0xbd2b70, 0x2028c06f5a00})
	/home/runner/work/jrouter/jrouter/router/aurp_peer.go:299 +0x54d fp=0x2028c10c6f88 sp=0x2028c10c6d30 pc=0x962d4d
drjosh.dev/jrouter/router.(*AURPPeerTable).RunAll.func1()
	/home/runner/work/jrouter/jrouter/router/aurp_peer_table.go:67 +0x1f fp=0x2028c10c6fb0 sp=0x2028c10c6f88 pc=0x96a61f
sync.(*WaitGroup).Go.func1()
	/opt/hostedtoolcache/go/1.26.4/x64/src/sync/waitgroup.go:258 +0x4a fp=0x2028c10c6fe0 sp=0x2028c10c6fb0 pc=0x4a01aa
runtime.goexit({})
	/opt/hostedtoolcache/go/1.26.4/x64/src/runtime/asm_amd64.s:1771 +0x1 fp=0x2028c10c6fe8 sp=0x2028c10c6fe0 pc=0x4950a1
created by sync.(*WaitGroup).Go in goroutine 1
	/opt/hostedtoolcache/go/1.26.4/x64/src/sync/waitgroup.go:238 +0x73

goroutine 266 gp=0x2028c0ffc1e0 m=nil [select]:
runtime.gopark(0x2028c10c7eb8?, 0x5?, 0xa5?, 0x90?, 0x2028c10c7d86?)
	/opt/hostedtoolcache/go/1.26.4/x64/src/runtime/proc.go:462 +0xce fp=0x2028c10c7c00 sp=0x2028c10c7be0 pc=0x48d62e
runtime.selectgo(0x2028c10c7eb8, 0x2028c10c7d7c, 0x2028c10beb40?, 0x0, 0x0?, 0x1)
	/opt/hostedtoolcache/go/1.26.4/x64/src/runtime/select.go:351 +0xaa5 fp=0x2028c10c7d30 sp=0x2028c10c7c00 pc=0x46b705
drjosh.dev/jrouter/router.(*AURPPeer).Handle(0x0?, {0xbd2b70, 0x2028c06f5a00})
	/home/runner/work/jrouter/jrouter/router/aurp_peer.go:299 +0x54d fp=0x2028c10c7f88 sp=0x2028c10c7d30 pc=0x962d4d
drjosh.dev/jrouter/router.(*AURPPeerTable).RunAll.func1()
	/home/runner/work/jrouter/jrouter/router/aurp_peer_table.go:67 +0x1f fp=0x2028c10c7fb0 sp=0x2028c10c7f88 pc=0x96a61f
sync.(*WaitGroup).Go.func1()
	/opt/hostedtoolcache/go/1.26.4/x64/src/sync/waitgroup.go:258 +0x4a fp=0x2028c10c7fe0 sp=0x2028c10c7fb0 pc=0x4a01aa
runtime.goexit({})
	/opt/hostedtoolcache/go/1.26.4/x64/src/runtime/asm_amd64.s:1771 +0x1 fp=0x2028c10c7fe8 sp=0x2028c10c7fe0 pc=0x4950a1
created by sync.(*WaitGroup).Go in goroutine 1
	/opt/hostedtoolcache/go/1.26.4/x64/src/sync/waitgroup.go:238 +0x73

goroutine 267 gp=0x2028c0ffc3c0 m=nil [select]:
runtime.gopark(0x2028c10b6eb8?, 0x5?, 0xa5?, 0x90?, 0x2028c10b6d86?)
	/opt/hostedtoolcache/go/1.26.4/x64/src/runtime/proc.go:462 +0xce fp=0x2028c10b6c00 sp=0x2028c10b6be0 pc=0x48d62e
runtime.selectgo(0x2028c10b6eb8, 0x2028c10b6d7c, 0x2028c10bec60?, 0x0, 0x0?, 0x1)
	/opt/hostedtoolcache/go/1.26.4/x64/src/runtime/select.go:351 +0xaa5 fp=0x2028c10b6d30 sp=0x2028c10b6c00 pc=0x46b705
drjosh.dev/jrouter/router.(*AURPPeer).Handle(0x0?, {0xbd2b70, 0x2028c06f5a00})
	/home/runner/work/jrouter/jrouter/router/aurp_peer.go:299 +0x54d fp=0x2028c10b6f88 sp=0x2028c10b6d30 pc=0x962d4d
drjosh.dev/jrouter/router.(*AURPPeerTable).RunAll.func1()
	/home/runner/work/jrouter/jrouter/router/aurp_peer_table.go:67 +0x1f fp=0x2028c10b6fb0 sp=0x2028c10b6f88 pc=0x96a61f
sync.(*WaitGroup).Go.func1()
	/opt/hostedtoolcache/go/1.26.4/x64/src/sync/waitgroup.go:258 +0x4a fp=0x2028c10b6fe0 sp=0x2028c10b6fb0 pc=0x4a01aa
runtime.goexit({})
	/opt/hostedtoolcache/go/1.26.4/x64/src/runtime/asm_amd64.s:1771 +0x1 fp=0x2028c10b6fe8 sp=0x2028c10b6fe0 pc=0x4950a1
created by sync.(*WaitGroup).Go in goroutine 1
	/opt/hostedtoolcache/go/1.26.4/x64/src/sync/waitgroup.go:238 +0x73

goroutine 268 gp=0x2028c0ffc5a0 m=nil [select]:
runtime.gopark(0x2028c10c1eb8?, 0x5?, 0xa5?, 0x90?, 0x2028c10c1d86?)
	/opt/hostedtoolcache/go/1.26.4/x64/src/runtime/proc.go:462 +0xce fp=0x2028c10c1c00 sp=0x2028c10c1be0 pc=0x48d62e
runtime.selectgo(0x2028c10c1eb8, 0x2028c10c1d7c, 0x2028c10bed80?, 0x0, 0x0?, 0x1)
	/opt/hostedtoolcache/go/1.26.4/x64/src/runtime/select.go:351 +0xaa5 fp=0x2028c10c1d30 sp=0x2028c10c1c00 pc=0x46b705
drjosh.dev/jrouter/router.(*AURPPeer).Handle(0x0?, {0xbd2b70, 0x2028c06f5a00})
	/home/runner/work/jrouter/jrouter/router/aurp_peer.go:299 +0x54d fp=0x2028c10c1f88 sp=0x2028c10c1d30 pc=0x962d4d
drjosh.dev/jrouter/router.(*AURPPeerTable).RunAll.func1()
	/home/runner/work/jrouter/jrouter/router/aurp_peer_table.go:67 +0x1f fp=0x2028c10c1fb0 sp=0x2028c10c1f88 pc=0x96a61f
sync.(*WaitGroup).Go.func1()
	/opt/hostedtoolcache/go/1.26.4/x64/src/sync/waitgroup.go:258 +0x4a fp=0x2028c10c1fe0 sp=0x2028c10c1fb0 pc=0x4a01aa
runtime.goexit({})
	/opt/hostedtoolcache/go/1.26.4/x64/src/runtime/asm_amd64.s:1771 +0x1 fp=0x2028c10c1fe8 sp=0x2028c10c1fe0 pc=0x4950a1
created by sync.(*WaitGroup).Go in goroutine 1
	/opt/hostedtoolcache/go/1.26.4/x64/src/sync/waitgroup.go:238 +0x73

goroutine 269 gp=0x2028c0ffc780 m=nil [select]:
runtime.gopark(0x2028c10c2eb8?, 0x5?, 0xa5?, 0x90?, 0x2028c10c2d86?)
	/opt/hostedtoolcache/go/1.26.4/x64/src/runtime/proc.go:462 +0xce fp=0x2028c10c2c00 sp=0x2028c10c2be0 pc=0x48d62e
runtime.selectgo(0x2028c10c2eb8, 0x2028c10c2d7c, 0x2028c10beea0?, 0x0, 0x0?, 0x1)
	/opt/hostedtoolcache/go/1.26.4/x64/src/runtime/select.go:351 +0xaa5 fp=0x2028c10c2d30 sp=0x2028c10c2c00 pc=0x46b705
drjosh.dev/jrouter/router.(*AURPPeer).Handle(0x0?, {0xbd2b70, 0x2028c06f5a00})
	/home/runner/work/jrouter/jrouter/router/aurp_peer.go:299 +0x54d fp=0x2028c10c2f88 sp=0x2028c10c2d30 pc=0x962d4d
drjosh.dev/jrouter/router.(*AURPPeerTable).RunAll.func1()
	/home/runner/work/jrouter/jrouter/router/aurp_peer_table.go:67 +0x1f fp=0x2028c10c2fb0 sp=0x2028c10c2f88 pc=0x96a61f
sync.(*WaitGroup).Go.func1()
	/opt/hostedtoolcache/go/1.26.4/x64/src/sync/waitgroup.go:258 +0x4a fp=0x2028c10c2fe0 sp=0x2028c10c2fb0 pc=0x4a01aa
runtime.goexit({})
	/opt/hostedtoolcache/go/1.26.4/x64/src/runtime/asm_amd64.s:1771 +0x1 fp=0x2028c10c2fe8 sp=0x2028c10c2fe0 pc=0x4950a1
created by sync.(*WaitGroup).Go in goroutine 1
	/opt/hostedtoolcache/go/1.26.4/x64/src/sync/waitgroup.go:238 +0x73

goroutine 270 gp=0x2028c0ffc960 m=nil [select]:
runtime.gopark(0x2028c10c3eb8?, 0x5?, 0xa5?, 0x90?, 0x2028c10c3d86?)
	/opt/hostedtoolcache/go/1.26.4/x64/src/runtime/proc.go:462 +0xce fp=0x2028c10c3c00 sp=0x2028c10c3be0 pc=0x48d62e
runtime.selectgo(0x2028c10c3eb8, 0x2028c10c3d7c, 0x2028c10befc0?, 0x0, 0x0?, 0x1)
	/opt/hostedtoolcache/go/1.26.4/x64/src/runtime/select.go:351 +0xaa5 fp=0x2028c10c3d30 sp=0x2028c10c3c00 pc=0x46b705
drjosh.dev/jrouter/router.(*AURPPeer).Handle(0x0?, {0xbd2b70, 0x2028c06f5a00})
	/home/runner/work/jrouter/jrouter/router/aurp_peer.go:299 +0x54d fp=0x2028c10c3f88 sp=0x2028c10c3d30 pc=0x962d4d
drjosh.dev/jrouter/router.(*AURPPeerTable).RunAll.func1()
	/home/runner/work/jrouter/jrouter/router/aurp_peer_table.go:67 +0x1f fp=0x2028c10c3fb0 sp=0x2028c10c3f88 pc=0x96a61f
sync.(*WaitGroup).Go.func1()
	/opt/hostedtoolcache/go/1.26.4/x64/src/sync/waitgroup.go:258 +0x4a fp=0x2028c10c3fe0 sp=0x2028c10c3fb0 pc=0x4a01aa
runtime.goexit({})
	/opt/hostedtoolcache/go/1.26.4/x64/src/runtime/asm_amd64.s:1771 +0x1 fp=0x2028c10c3fe8 sp=0x2028c10c3fe0 pc=0x4950a1
created by sync.(*WaitGroup).Go in goroutine 1
	/opt/hostedtoolcache/go/1.26.4/x64/src/sync/waitgroup.go:238 +0x73

goroutine 271 gp=0x2028c0ffcb40 m=nil [select]:
runtime.gopark(0x2028c1257eb8?, 0x5?, 0xa5?, 0x90?, 0x2028c1257d86?)
	/opt/hostedtoolcache/go/1.26.4/x64/src/runtime/proc.go:462 +0xce fp=0x2028c1257c00 sp=0x2028c1257be0 pc=0x48d62e
runtime.selectgo(0x2028c1257eb8, 0x2028c1257d7c, 0x2028c11fe7e0?, 0x0, 0x0?, 0x1)
	/opt/hostedtoolcache/go/1.26.4/x64/src/runtime/select.go:351 +0xaa5 fp=0x2028c1257d30 sp=0x2028c1257c00 pc=0x46b705
drjosh.dev/jrouter/router.(*AURPPeer).Handle(0x0?, {0xbd2b70, 0x2028c06f5a00})
	/home/runner/work/jrouter/jrouter/router/aurp_peer.go:299 +0x54d fp=0x2028c1257f88 sp=0x2028c1257d30 pc=0x962d4d
drjosh.dev/jrouter/router.(*AURPPeerTable).RunAll.func1()
	/home/runner/work/jrouter/jrouter/router/aurp_peer_table.go:67 +0x1f fp=0x2028c1257fb0 sp=0x2028c1257f88 pc=0x96a61f
sync.(*WaitGroup).Go.func1()
	/opt/hostedtoolcache/go/1.26.4/x64/src/sync/waitgroup.go:258 +0x4a fp=0x2028c1257fe0 sp=0x2028c1257fb0 pc=0x4a01aa
runtime.goexit({})
	/opt/hostedtoolcache/go/1.26.4/x64/src/runtime/asm_amd64.s:1771 +0x1 fp=0x2028c1257fe8 sp=0x2028c1257fe0 pc=0x4950a1
created by sync.(*WaitGroup).Go in goroutine 1
	/opt/hostedtoolcache/go/1.26.4/x64/src/sync/waitgroup.go:238 +0x73

goroutine 272 gp=0x2028c0ffcd20 m=nil [select]:
runtime.gopark(0x2028c10d3eb8?, 0x5?, 0xa5?, 0x90?, 0x2028c10d3d86?)
	/opt/hostedtoolcache/go/1.26.4/x64/src/runtime/proc.go:462 +0xce fp=0x2028c10d3c00 sp=0x2028c10d3be0 pc=0x48d62e
runtime.selectgo(0x2028c10d3eb8, 0x2028c10d3d7c, 0x2028c10bf200?, 0x0, 0x0?, 0x1)
	/opt/hostedtoolcache/go/1.26.4/x64/src/runtime/select.go:351 +0xaa5 fp=0x2028c10d3d30 sp=0x2028c10d3c00 pc=0x46b705
drjosh.dev/jrouter/router.(*AURPPeer).Handle(0x0?, {0xbd2b70, 0x2028c06f5a00})
	/home/runner/work/jrouter/jrouter/router/aurp_peer.go:299 +0x54d fp=0x2028c10d3f88 sp=0x2028c10d3d30 pc=0x962d4d
drjosh.dev/jrouter/router.(*AURPPeerTable).RunAll.func1()
	/home/runner/work/jrouter/jrouter/router/aurp_peer_table.go:67 +0x1f fp=0x2028c10d3fb0 sp=0x2028c10d3f88 pc=0x96a61f
sync.(*WaitGroup).Go.func1()
	/opt/hostedtoolcache/go/1.26.4/x64/src/sync/waitgroup.go:258 +0x4a fp=0x2028c10d3fe0 sp=0x2028c10d3fb0 pc=0x4a01aa
runtime.goexit({})
	/opt/hostedtoolcache/go/1.26.4/x64/src/runtime/asm_amd64.s:1771 +0x1 fp=0x2028c10d3fe8 sp=0x2028c10d3fe0 pc=0x4950a1
created by sync.(*WaitGroup).Go in goroutine 1
	/opt/hostedtoolcache/go/1.26.4/x64/src/sync/waitgroup.go:238 +0x73

goroutine 273 gp=0x2028c0ffcf00 m=nil [select]:
runtime.gopark(0x2028c1207eb8?, 0x5?, 0xa5?, 0x90?, 0x2028c1207d86?)
	/opt/hostedtoolcache/go/1.26.4/x64/src/runtime/proc.go:462 +0xce fp=0x2028c1207c00 sp=0x2028c1207be0 pc=0x48d62e
runtime.selectgo(0x2028c1207eb8, 0x2028c1207d7c, 0x2028c105dd40?, 0x0, 0x0?, 0x1)
	/opt/hostedtoolcache/go/1.26.4/x64/src/runtime/select.go:351 +0xaa5 fp=0x2028c1207d30 sp=0x2028c1207c00 pc=0x46b705
drjosh.dev/jrouter/router.(*AURPPeer).Handle(0x0?, {0xbd2b70, 0x2028c06f5a00})
	/home/runner/work/jrouter/jrouter/router/aurp_peer.go:299 +0x54d fp=0x2028c1207f88 sp=0x2028c1207d30 pc=0x962d4d
drjosh.dev/jrouter/router.(*AURPPeerTable).RunAll.func1()
	/home/runner/work/jrouter/jrouter/router/aurp_peer_table.go:67 +0x1f fp=0x2028c1207fb0 sp=0x2028c1207f88 pc=0x96a61f
sync.(*WaitGroup).Go.func1()
	/opt/hostedtoolcache/go/1.26.4/x64/src/sync/waitgroup.go:258 +0x4a fp=0x2028c1207fe0 sp=0x2028c1207fb0 pc=0x4a01aa
runtime.goexit({})
	/opt/hostedtoolcache/go/1.26.4/x64/src/runtime/asm_amd64.s:1771 +0x1 fp=0x2028c1207fe8 sp=0x2028c1207fe0 pc=0x4950a1
created by sync.(*WaitGroup).Go in goroutine 1
	/opt/hostedtoolcache/go/1.26.4/x64/src/sync/waitgroup.go:238 +0x73

goroutine 274 gp=0x2028c0ffd0e0 m=nil [select]:
runtime.gopark(0x2028c10d5eb8?, 0x5?, 0xa5?, 0x90?, 0x2028c10d5d86?)
	/opt/hostedtoolcache/go/1.26.4/x64/src/runtime/proc.go:462 +0xce fp=0x2028c10d5c00 sp=0x2028c10d5be0 pc=0x48d62e
runtime.selectgo(0x2028c10d5eb8, 0x2028c10d5d7c, 0x2028c10bf440?, 0x0, 0x0?, 0x1)
	/opt/hostedtoolcache/go/1.26.4/x64/src/runtime/select.go:351 +0xaa5 fp=0x2028c10d5d30 sp=0x2028c10d5c00 pc=0x46b705
drjosh.dev/jrouter/router.(*AURPPeer).Handle(0x0?, {0xbd2b70, 0x2028c06f5a00})
	/home/runner/work/jrouter/jrouter/router/aurp_peer.go:299 +0x54d fp=0x2028c10d5f88 sp=0x2028c10d5d30 pc=0x962d4d
drjosh.dev/jrouter/router.(*AURPPeerTable).RunAll.func1()
	/home/runner/work/jrouter/jrouter/router/aurp_peer_table.go:67 +0x1f fp=0x2028c10d5fb0 sp=0x2028c10d5f88 pc=0x96a61f
sync.(*WaitGroup).Go.func1()
	/opt/hostedtoolcache/go/1.26.4/x64/src/sync/waitgroup.go:258 +0x4a fp=0x2028c10d5fe0 sp=0x2028c10d5fb0 pc=0x4a01aa
runtime.goexit({})
	/opt/hostedtoolcache/go/1.26.4/x64/src/runtime/asm_amd64.s:1771 +0x1 fp=0x2028c10d5fe8 sp=0x2028c10d5fe0 pc=0x4950a1
created by sync.(*WaitGroup).Go in goroutine 1
	/opt/hostedtoolcache/go/1.26.4/x64/src/sync/waitgroup.go:238 +0x73

goroutine 275 gp=0x2028c0ffd2c0 m=nil [select]:
runtime.gopark(0x2028c10c0eb8?, 0x5?, 0xa5?, 0x90?, 0x2028c10c0d86?)
	/opt/hostedtoolcache/go/1.26.4/x64/src/runtime/proc.go:462 +0xce fp=0x2028c10c0c00 sp=0x2028c10c0be0 pc=0x48d62e
runtime.selectgo(0x2028c10c0eb8, 0x2028c10c0d7c, 0x2028c10bf560?, 0x0, 0x0?, 0x1)
	/opt/hostedtoolcache/go/1.26.4/x64/src/runtime/select.go:351 +0xaa5 fp=0x2028c10c0d30 sp=0x2028c10c0c00 pc=0x46b705
drjosh.dev/jrouter/router.(*AURPPeer).Handle(0x0?, {0xbd2b70, 0x2028c06f5a00})
	/home/runner/work/jrouter/jrouter/router/aurp_peer.go:299 +0x54d fp=0x2028c10c0f88 sp=0x2028c10c0d30 pc=0x962d4d
drjosh.dev/jrouter/router.(*AURPPeerTable).RunAll.func1()
	/home/runner/work/jrouter/jrouter/router/aurp_peer_table.go:67 +0x1f fp=0x2028c10c0fb0 sp=0x2028c10c0f88 pc=0x96a61f
sync.(*WaitGroup).Go.func1()
	/opt/hostedtoolcache/go/1.26.4/x64/src/sync/waitgroup.go:258 +0x4a fp=0x2028c10c0fe0 sp=0x2028c10c0fb0 pc=0x4a01aa
runtime.goexit({})
	/opt/hostedtoolcache/go/1.26.4/x64/src/runtime/asm_amd64.s:1771 +0x1 fp=0x2028c10c0fe8 sp=0x2028c10c0fe0 pc=0x4950a1
created by sync.(*WaitGroup).Go in goroutine 1
	/opt/hostedtoolcache/go/1.26.4/x64/src/sync/waitgroup.go:238 +0x73

goroutine 276 gp=0x2028c0ffd4a0 m=nil [select]:
runtime.gopark(0x2028c10cfeb8?, 0x5?, 0xa5?, 0x90?, 0x2028c10cfd86?)
	/opt/hostedtoolcache/go/1.26.4/x64/src/runtime/proc.go:462 +0xce fp=0x2028c10cfc00 sp=0x2028c10cfbe0 pc=0x48d62e
runtime.selectgo(0x2028c10cfeb8, 0x2028c10cfd7c, 0x2028c10bf680?, 0x0, 0x0?, 0x1)
	/opt/hostedtoolcache/go/1.26.4/x64/src/runtime/select.go:351 +0xaa5 fp=0x2028c10cfd30 sp=0x2028c10cfc00 pc=0x46b705
drjosh.dev/jrouter/router.(*AURPPeer).Handle(0x0?, {0xbd2b70, 0x2028c06f5a00})
	/home/runner/work/jrouter/jrouter/router/aurp_peer.go:299 +0x54d fp=0x2028c10cff88 sp=0x2028c10cfd30 pc=0x962d4d
drjosh.dev/jrouter/router.(*AURPPeerTable).RunAll.func1()
	/home/runner/work/jrouter/jrouter/router/aurp_peer_table.go:67 +0x1f fp=0x2028c10cffb0 sp=0x2028c10cff88 pc=0x96a61f
sync.(*WaitGroup).Go.func1()
	/opt/hostedtoolcache/go/1.26.4/x64/src/sync/waitgroup.go:258 +0x4a fp=0x2028c10cffe0 sp=0x2028c10cffb0 pc=0x4a01aa
runtime.goexit({})
	/opt/hostedtoolcache/go/1.26.4/x64/src/runtime/asm_amd64.s:1771 +0x1 fp=0x2028c10cffe8 sp=0x2028c10cffe0 pc=0x4950a1
created by sync.(*WaitGroup).Go in goroutine 1
	/opt/hostedtoolcache/go/1.26.4/x64/src/sync/waitgroup.go:238 +0x73

goroutine 277 gp=0x2028c0ffd680 m=nil [select]:
runtime.gopark(0x2028c1253eb8?, 0x5?, 0xa5?, 0x90?, 0x2028c1253d86?)
	/opt/hostedtoolcache/go/1.26.4/x64/src/runtime/proc.go:462 +0xce fp=0x2028c1253c00 sp=0x2028c1253be0 pc=0x48d62e
runtime.selectgo(0x2028c1253eb8, 0x2028c1253d7c, 0x2028c11fee40?, 0x0, 0x0?, 0x1)
	/opt/hostedtoolcache/go/1.26.4/x64/src/runtime/select.go:351 +0xaa5 fp=0x2028c1253d30 sp=0x2028c1253c00 pc=0x46b705
drjosh.dev/jrouter/router.(*AURPPeer).Handle(0x0?, {0xbd2b70, 0x2028c06f5a00})
	/home/runner/work/jrouter/jrouter/router/aurp_peer.go:299 +0x54d fp=0x2028c1253f88 sp=0x2028c1253d30 pc=0x962d4d
drjosh.dev/jrouter/router.(*AURPPeerTable).RunAll.func1()
	/home/runner/work/jrouter/jrouter/router/aurp_peer_table.go:67 +0x1f fp=0x2028c1253fb0 sp=0x2028c1253f88 pc=0x96a61f
sync.(*WaitGroup).Go.func1()
	/opt/hostedtoolcache/go/1.26.4/x64/src/sync/waitgroup.go:258 +0x4a fp=0x2028c1253fe0 sp=0x2028c1253fb0 pc=0x4a01aa
runtime.goexit({})
	/opt/hostedtoolcache/go/1.26.4/x64/src/runtime/asm_amd64.s:1771 +0x1 fp=0x2028c1253fe8 sp=0x2028c1253fe0 pc=0x4950a1
created by sync.(*WaitGroup).Go in goroutine 1
	/opt/hostedtoolcache/go/1.26.4/x64/src/sync/waitgroup.go:238 +0x73

goroutine 278 gp=0x2028c0ffd860 m=nil [select]:
runtime.gopark(0x2028c10d1eb8?, 0x5?, 0xa5?, 0x90?, 0x2028c10d1d86?)
	/opt/hostedtoolcache/go/1.26.4/x64/src/runtime/proc.go:462 +0xce fp=0x2028c10d1c00 sp=0x2028c10d1be0 pc=0x48d62e
runtime.selectgo(0x2028c10d1eb8, 0x2028c10d1d7c, 0x2028c10bf8c0?, 0x0, 0x0?, 0x1)
	/opt/hostedtoolcache/go/1.26.4/x64/src/runtime/select.go:351 +0xaa5 fp=0x2028c10d1d30 sp=0x2028c10d1c00 pc=0x46b705
drjosh.dev/jrouter/router.(*AURPPeer).Handle(0x0?, {0xbd2b70, 0x2028c06f5a00})
	/home/runner/work/jrouter/jrouter/router/aurp_peer.go:299 +0x54d fp=0x2028c10d1f88 sp=0x2028c10d1d30 pc=0x962d4d
drjosh.dev/jrouter/router.(*AURPPeerTable).RunAll.func1()
	/home/runner/work/jrouter/jrouter/router/aurp_peer_table.go:67 +0x1f fp=0x2028c10d1fb0 sp=0x2028c10d1f88 pc=0x96a61f
sync.(*WaitGroup).Go.func1()
	/opt/hostedtoolcache/go/1.26.4/x64/src/sync/waitgroup.go:258 +0x4a fp=0x2028c10d1fe0 sp=0x2028c10d1fb0 pc=0x4a01aa
runtime.goexit({})
	/opt/hostedtoolcache/go/1.26.4/x64/src/runtime/asm_amd64.s:1771 +0x1 fp=0x2028c10d1fe8 sp=0x2028c10d1fe0 pc=0x4950a1
created by sync.(*WaitGroup).Go in goroutine 1
	/opt/hostedtoolcache/go/1.26.4/x64/src/sync/waitgroup.go:238 +0x73

goroutine 279 gp=0x2028c0ffda40 m=nil [select]:
runtime.gopark(0x2028c10d2eb8?, 0x5?, 0xa5?, 0x90?, 0x2028c10d2d86?)
	/opt/hostedtoolcache/go/1.26.4/x64/src/runtime/proc.go:462 +0xce fp=0x2028c10d2c00 sp=0x2028c10d2be0 pc=0x48d62e
runtime.selectgo(0x2028c10d2eb8, 0x2028c10d2d7c, 0x2028c10bf9e0?, 0x0, 0x0?, 0x1)
	/opt/hostedtoolcache/go/1.26.4/x64/src/runtime/select.go:351 +0xaa5 fp=0x2028c10d2d30 sp=0x2028c10d2c00 pc=0x46b705
drjosh.dev/jrouter/router.(*AURPPeer).Handle(0x0?, {0xbd2b70, 0x2028c06f5a00})
	/home/runner/work/jrouter/jrouter/router/aurp_peer.go:299 +0x54d fp=0x2028c10d2f88 sp=0x2028c10d2d30 pc=0x962d4d
drjosh.dev/jrouter/router.(*AURPPeerTable).RunAll.func1()
	/home/runner/work/jrouter/jrouter/router/aurp_peer_table.go:67 +0x1f fp=0x2028c10d2fb0 sp=0x2028c10d2f88 pc=0x96a61f
sync.(*WaitGroup).Go.func1()
	/opt/hostedtoolcache/go/1.26.4/x64/src/sync/waitgroup.go:258 +0x4a fp=0x2028c10d2fe0 sp=0x2028c10d2fb0 pc=0x4a01aa
runtime.goexit({})
	/opt/hostedtoolcache/go/1.26.4/x64/src/runtime/asm_amd64.s:1771 +0x1 fp=0x2028c10d2fe8 sp=0x2028c10d2fe0 pc=0x4950a1
created by sync.(*WaitGroup).Go in goroutine 1
	/opt/hostedtoolcache/go/1.26.4/x64/src/sync/waitgroup.go:238 +0x73

goroutine 280 gp=0x2028c0ffdc20 m=nil [select]:
runtime.gopark(0x2028c10dfeb8?, 0x5?, 0xa5?, 0x90?, 0x2028c10dfd86?)
	/opt/hostedtoolcache/go/1.26.4/x64/src/runtime/proc.go:462 +0xce fp=0x2028c10dfc00 sp=0x2028c10dfbe0 pc=0x48d62e
runtime.selectgo(0x2028c10dfeb8, 0x2028c10dfd7c, 0x2028c10bfb00?, 0x0, 0x0?, 0x1)
	/opt/hostedtoolcache/go/1.26.4/x64/src/runtime/select.go:351 +0xaa5 fp=0x2028c10dfd30 sp=0x2028c10dfc00 pc=0x46b705
drjosh.dev/jrouter/router.(*AURPPeer).Handle(0x0?, {0xbd2b70, 0x2028c06f5a00})
	/home/runner/work/jrouter/jrouter/router/aurp_peer.go:299 +0x54d fp=0x2028c10dff88 sp=0x2028c10dfd30 pc=0x962d4d
drjosh.dev/jrouter/router.(*AURPPeerTable).RunAll.func1()
	/home/runner/work/jrouter/jrouter/router/aurp_peer_table.go:67 +0x1f fp=0x2028c10dffb0 sp=0x2028c10dff88 pc=0x96a61f
sync.(*WaitGroup).Go.func1()
	/opt/hostedtoolcache/go/1.26.4/x64/src/sync/waitgroup.go:258 +0x4a fp=0x2028c10dffe0 sp=0x2028c10dffb0 pc=0x4a01aa
runtime.goexit({})
	/opt/hostedtoolcache/go/1.26.4/x64/src/runtime/asm_amd64.s:1771 +0x1 fp=0x2028c10dffe8 sp=0x2028c10dffe0 pc=0x4950a1
created by sync.(*WaitGroup).Go in goroutine 1
	/opt/hostedtoolcache/go/1.26.4/x64/src/sync/waitgroup.go:238 +0x73

goroutine 281 gp=0x2028c1034000 m=nil [select]:
runtime.gopark(0x2028c10e0eb8?, 0x5?, 0xa5?, 0x90?, 0x2028c10e0d86?)
	/opt/hostedtoolcache/go/1.26.4/x64/src/runtime/proc.go:462 +0xce fp=0x2028c10e0c00 sp=0x2028c10e0be0 pc=0x48d62e
runtime.selectgo(0x2028c10e0eb8, 0x2028c10e0d7c, 0x2028c10bfc20?, 0x0, 0x0?, 0x1)
	/opt/hostedtoolcache/go/1.26.4/x64/src/runtime/select.go:351 +0xaa5 fp=0x2028c10e0d30 sp=0x2028c10e0c00 pc=0x46b705
drjosh.dev/jrouter/router.(*AURPPeer).Handle(0x0?, {0xbd2b70, 0x2028c06f5a00})
	/home/runner/work/jrouter/jrouter/router/aurp_peer.go:299 +0x54d fp=0x2028c10e0f88 sp=0x2028c10e0d30 pc=0x962d4d
drjosh.dev/jrouter/router.(*AURPPeerTable).RunAll.func1()
	/home/runner/work/jrouter/jrouter/router/aurp_peer_table.go:67 +0x1f fp=0x2028c10e0fb0 sp=0x2028c10e0f88 pc=0x96a61f
sync.(*WaitGroup).Go.func1()
	/opt/hostedtoolcache/go/1.26.4/x64/src/sync/waitgroup.go:258 +0x4a fp=0x2028c10e0fe0 sp=0x2028c10e0fb0 pc=0x4a01aa
runtime.goexit({})
	/opt/hostedtoolcache/go/1.26.4/x64/src/runtime/asm_amd64.s:1771 +0x1 fp=0x2028c10e0fe8 sp=0x2028c10e0fe0 pc=0x4950a1
created by sync.(*WaitGroup).Go in goroutine 1
	/opt/hostedtoolcache/go/1.26.4/x64/src/sync/waitgroup.go:238 +0x73

goroutine 282 gp=0x2028c10341e0 m=nil [select]:
runtime.gopark(0x2028c10e1eb8?, 0x5?, 0xa5?, 0x90?, 0x2028c10e1d86?)
	/opt/hostedtoolcache/go/1.26.4/x64/src/runtime/proc.go:462 +0xce fp=0x2028c10e1c00 sp=0x2028c10e1be0 pc=0x48d62e
runtime.selectgo(0x2028c10e1eb8, 0x2028c10e1d7c, 0x2028c10bfd40?, 0x0, 0x0?, 0x1)
	/opt/hostedtoolcache/go/1.26.4/x64/src/runtime/select.go:351 +0xaa5 fp=0x2028c10e1d30 sp=0x2028c10e1c00 pc=0x46b705
drjosh.dev/jrouter/router.(*AURPPeer).Handle(0x0?, {0xbd2b70, 0x2028c06f5a00})
	/home/runner/work/jrouter/jrouter/router/aurp_peer.go:299 +0x54d fp=0x2028c10e1f88 sp=0x2028c10e1d30 pc=0x962d4d
drjosh.dev/jrouter/router.(*AURPPeerTable).RunAll.func1()
	/home/runner/work/jrouter/jrouter/router/aurp_peer_table.go:67 +0x1f fp=0x2028c10e1fb0 sp=0x2028c10e1f88 pc=0x96a61f
sync.(*WaitGroup).Go.func1()
	/opt/hostedtoolcache/go/1.26.4/x64/src/sync/waitgroup.go:258 +0x4a fp=0x2028c10e1fe0 sp=0x2028c10e1fb0 pc=0x4a01aa
runtime.goexit({})
	/opt/hostedtoolcache/go/1.26.4/x64/src/runtime/asm_amd64.s:1771 +0x1 fp=0x2028c10e1fe8 sp=0x2028c10e1fe0 pc=0x4950a1
created by sync.(*WaitGroup).Go in goroutine 1
	/opt/hostedtoolcache/go/1.26.4/x64/src/sync/waitgroup.go:238 +0x73

goroutine 283 gp=0x2028c10343c0 m=nil [select]:
runtime.gopark(0x2028c10ceeb8?, 0x5?, 0xa5?, 0x90?, 0x2028c10ced86?)
	/opt/hostedtoolcache/go/1.26.4/x64/src/runtime/proc.go:462 +0xce fp=0x2028c10cec00 sp=0x2028c10cebe0 pc=0x48d62e
runtime.selectgo(0x2028c10ceeb8, 0x2028c10ced7c, 0x2028c10bfe60?, 0x0, 0x0?, 0x1)
	/opt/hostedtoolcache/go/1.26.4/x64/src/runtime/select.go:351 +0xaa5 fp=0x2028c10ced30 sp=0x2028c10cec00 pc=0x46b705
drjosh.dev/jrouter/router.(*AURPPeer).Handle(0x0?, {0xbd2b70, 0x2028c06f5a00})
	/home/runner/work/jrouter/jrouter/router/aurp_peer.go:299 +0x54d fp=0x2028c10cef88 sp=0x2028c10ced30 pc=0x962d4d
drjosh.dev/jrouter/router.(*AURPPeerTable).RunAll.func1()
	/home/runner/work/jrouter/jrouter/router/aurp_peer_table.go:67 +0x1f fp=0x2028c10cefb0 sp=0x2028c10cef88 pc=0x96a61f
sync.(*WaitGroup).Go.func1()
	/opt/hostedtoolcache/go/1.26.4/x64/src/sync/waitgroup.go:258 +0x4a fp=0x2028c10cefe0 sp=0x2028c10cefb0 pc=0x4a01aa
runtime.goexit({})
	/opt/hostedtoolcache/go/1.26.4/x64/src/runtime/asm_amd64.s:1771 +0x1 fp=0x2028c10cefe8 sp=0x2028c10cefe0 pc=0x4950a1
created by sync.(*WaitGroup).Go in goroutine 1
	/opt/hostedtoolcache/go/1.26.4/x64/src/sync/waitgroup.go:238 +0x73

goroutine 284 gp=0x2028c10345a0 m=nil [select]:
runtime.gopark(0x2028c10dbeb8?, 0x5?, 0xa5?, 0x90?, 0x2028c10dbd86?)
	/opt/hostedtoolcache/go/1.26.4/x64/src/runtime/proc.go:462 +0xce fp=0x2028c10dbc00 sp=0x2028c10dbbe0 pc=0x48d62e
runtime.selectgo(0x2028c10dbeb8, 0x2028c10dbd7c, 0x2028c10e60c0?, 0x0, 0x0?, 0x1)
	/opt/hostedtoolcache/go/1.26.4/x64/src/runtime/select.go:351 +0xaa5 fp=0x2028c10dbd30 sp=0x2028c10dbc00 pc=0x46b705
drjosh.dev/jrouter/router.(*AURPPeer).Handle(0x0?, {0xbd2b70, 0x2028c06f5a00})
	/home/runner/work/jrouter/jrouter/router/aurp_peer.go:299 +0x54d fp=0x2028c10dbf88 sp=0x2028c10dbd30 pc=0x962d4d
drjosh.dev/jrouter/router.(*AURPPeerTable).RunAll.func1()
	/home/runner/work/jrouter/jrouter/router/aurp_peer_table.go:67 +0x1f fp=0x2028c10dbfb0 sp=0x2028c10dbf88 pc=0x96a61f
sync.(*WaitGroup).Go.func1()
	/opt/hostedtoolcache/go/1.26.4/x64/src/sync/waitgroup.go:258 +0x4a fp=0x2028c10dbfe0 sp=0x2028c10dbfb0 pc=0x4a01aa
runtime.goexit({})
	/opt/hostedtoolcache/go/1.26.4/x64/src/runtime/asm_amd64.s:1771 +0x1 fp=0x2028c10dbfe8 sp=0x2028c10dbfe0 pc=0x4950a1
created by sync.(*WaitGroup).Go in goroutine 1
	/opt/hostedtoolcache/go/1.26.4/x64/src/sync/waitgroup.go:238 +0x73

goroutine 286 gp=0x2028c1034960 m=nil [select]:
runtime.gopark(0x2028c10dceb8?, 0x5?, 0xa5?, 0x90?, 0x2028c10dcd86?)
	/opt/hostedtoolcache/go/1.26.4/x64/src/runtime/proc.go:462 +0xce fp=0x2028c10dcc00 sp=0x2028c10dcbe0 pc=0x48d62e
runtime.selectgo(0x2028c10dceb8, 0x2028c10dcd7c, 0x2028c10e61e0?, 0x0, 0x0?, 0x1)
	/opt/hostedtoolcache/go/1.26.4/x64/src/runtime/select.go:351 +0xaa5 fp=0x2028c10dcd30 sp=0x2028c10dcc00 pc=0x46b705
drjosh.dev/jrouter/router.(*AURPPeer).Handle(0x0?, {0xbd2b70, 0x2028c06f5a00})
	/home/runner/work/jrouter/jrouter/router/aurp_peer.go:299 +0x54d fp=0x2028c10dcf88 sp=0x2028c10dcd30 pc=0x962d4d
drjosh.dev/jrouter/router.(*AURPPeerTable).RunAll.func1()
	/home/runner/work/jrouter/jrouter/router/aurp_peer_table.go:67 +0x1f fp=0x2028c10dcfb0 sp=0x2028c10dcf88 pc=0x96a61f
sync.(*WaitGroup).Go.func1()
	/opt/hostedtoolcache/go/1.26.4/x64/src/sync/waitgroup.go:258 +0x4a fp=0x2028c10dcfe0 sp=0x2028c10dcfb0 pc=0x4a01aa
runtime.goexit({})
	/opt/hostedtoolcache/go/1.26.4/x64/src/runtime/asm_amd64.s:1771 +0x1 fp=0x2028c10dcfe8 sp=0x2028c10dcfe0 pc=0x4950a1
created by sync.(*WaitGroup).Go in goroutine 1
	/opt/hostedtoolcache/go/1.26.4/x64/src/sync/waitgroup.go:238 +0x73

goroutine 287 gp=0x2028c1034b40 m=nil [select]:
runtime.gopark(0x2028c10ddeb8?, 0x5?, 0xa5?, 0x90?, 0x2028c10ddd86?)
	/opt/hostedtoolcache/go/1.26.4/x64/src/runtime/proc.go:462 +0xce fp=0x2028c10ddc00 sp=0x2028c10ddbe0 pc=0x48d62e
runtime.selectgo(0x2028c10ddeb8, 0x2028c10ddd7c, 0x2028c10e6300?, 0x0, 0x0?, 0x1)
	/opt/hostedtoolcache/go/1.26.4/x64/src/runtime/select.go:351 +0xaa5 fp=0x2028c10ddd30 sp=0x2028c10ddc00 pc=0x46b705
drjosh.dev/jrouter/router.(*AURPPeer).Handle(0x0?, {0xbd2b70, 0x2028c06f5a00})
	/home/runner/work/jrouter/jrouter/router/aurp_peer.go:299 +0x54d fp=0x2028c10ddf88 sp=0x2028c10ddd30 pc=0x962d4d
drjosh.dev/jrouter/router.(*AURPPeerTable).RunAll.func1()
	/home/runner/work/jrouter/jrouter/router/aurp_peer_table.go:67 +0x1f fp=0x2028c10ddfb0 sp=0x2028c10ddf88 pc=0x96a61f
sync.(*WaitGroup).Go.func1()
	/opt/hostedtoolcache/go/1.26.4/x64/src/sync/waitgroup.go:258 +0x4a fp=0x2028c10ddfe0 sp=0x2028c10ddfb0 pc=0x4a01aa
runtime.goexit({})
	/opt/hostedtoolcache/go/1.26.4/x64/src/runtime/asm_amd64.s:1771 +0x1 fp=0x2028c10ddfe8 sp=0x2028c10ddfe0 pc=0x4950a1
created by sync.(*WaitGroup).Go in goroutine 1
	/opt/hostedtoolcache/go/1.26.4/x64/src/sync/waitgroup.go:238 +0x73

goroutine 288 gp=0x2028c1034d20 m=nil [select]:
runtime.gopark(0x2028c10deeb8?, 0x5?, 0xa5?, 0x90?, 0x2028c10ded86?)
	/opt/hostedtoolcache/go/1.26.4/x64/src/runtime/proc.go:462 +0xce fp=0x2028c10dec00 sp=0x2028c10debe0 pc=0x48d62e
runtime.selectgo(0x2028c10deeb8, 0x2028c10ded7c, 0x2028c10e6420?, 0x0, 0x0?, 0x1)
	/opt/hostedtoolcache/go/1.26.4/x64/src/runtime/select.go:351 +0xaa5 fp=0x2028c10ded30 sp=0x2028c10dec00 pc=0x46b705
drjosh.dev/jrouter/router.(*AURPPeer).Handle(0x0?, {0xbd2b70, 0x2028c06f5a00})
	/home/runner/work/jrouter/jrouter/router/aurp_peer.go:299 +0x54d fp=0x2028c10def88 sp=0x2028c10ded30 pc=0x962d4d
drjosh.dev/jrouter/router.(*AURPPeerTable).RunAll.func1()
	/home/runner/work/jrouter/jrouter/router/aurp_peer_table.go:67 +0x1f fp=0x2028c10defb0 sp=0x2028c10def88 pc=0x96a61f
sync.(*WaitGroup).Go.func1()
	/opt/hostedtoolcache/go/1.26.4/x64/src/sync/waitgroup.go:258 +0x4a fp=0x2028c10defe0 sp=0x2028c10defb0 pc=0x4a01aa
runtime.goexit({})
	/opt/hostedtoolcache/go/1.26.4/x64/src/runtime/asm_amd64.s:1771 +0x1 fp=0x2028c10defe8 sp=0x2028c10defe0 pc=0x4950a1
created by sync.(*WaitGroup).Go in goroutine 1
	/opt/hostedtoolcache/go/1.26.4/x64/src/sync/waitgroup.go:238 +0x73

goroutine 289 gp=0x2028c1034f00 m=nil [select]:
runtime.gopark(0x2028c10edeb8?, 0x5?, 0xa5?, 0x90?, 0x2028c10edd86?)
	/opt/hostedtoolcache/go/1.26.4/x64/src/runtime/proc.go:462 +0xce fp=0x2028c10edc00 sp=0x2028c10edbe0 pc=0x48d62e
runtime.selectgo(0x2028c10edeb8, 0x2028c10edd7c, 0x2028c10e6540?, 0x0, 0x0?, 0x1)
	/opt/hostedtoolcache/go/1.26.4/x64/src/runtime/select.go:351 +0xaa5 fp=0x2028c10edd30 sp=0x2028c10edc00 pc=0x46b705
drjosh.dev/jrouter/router.(*AURPPeer).Handle(0x0?, {0xbd2b70, 0x2028c06f5a00})
	/home/runner/work/jrouter/jrouter/router/aurp_peer.go:299 +0x54d fp=0x2028c10edf88 sp=0x2028c10edd30 pc=0x962d4d
drjosh.dev/jrouter/router.(*AURPPeerTable).RunAll.func1()
	/home/runner/work/jrouter/jrouter/router/aurp_peer_table.go:67 +0x1f fp=0x2028c10edfb0 sp=0x2028c10edf88 pc=0x96a61f
sync.(*WaitGroup).Go.func1()
	/opt/hostedtoolcache/go/1.26.4/x64/src/sync/waitgroup.go:258 +0x4a fp=0x2028c10edfe0 sp=0x2028c10edfb0 pc=0x4a01aa
runtime.goexit({})
	/opt/hostedtoolcache/go/1.26.4/x64/src/runtime/asm_amd64.s:1771 +0x1 fp=0x2028c10edfe8 sp=0x2028c10edfe0 pc=0x4950a1
created by sync.(*WaitGroup).Go in goroutine 1
	/opt/hostedtoolcache/go/1.26.4/x64/src/sync/waitgroup.go:238 +0x73

goroutine 290 gp=0x2028c10350e0 m=nil [select]:
runtime.gopark(0x2028c10eeeb8?, 0x5?, 0xa5?, 0x90?, 0x2028c10eed86?)
	/opt/hostedtoolcache/go/1.26.4/x64/src/runtime/proc.go:462 +0xce fp=0x2028c10eec00 sp=0x2028c10eebe0 pc=0x48d62e
runtime.selectgo(0x2028c10eeeb8, 0x2028c10eed7c, 0x2028c10e6660?, 0x0, 0x0?, 0x1)
	/opt/hostedtoolcache/go/1.26.4/x64/src/runtime/select.go:351 +0xaa5 fp=0x2028c10eed30 sp=0x2028c10eec00 pc=0x46b705
drjosh.dev/jrouter/router.(*AURPPeer).Handle(0x0?, {0xbd2b70, 0x2028c06f5a00})
	/home/runner/work/jrouter/jrouter/router/aurp_peer.go:299 +0x54d fp=0x2028c10eef88 sp=0x2028c10eed30 pc=0x962d4d
drjosh.dev/jrouter/router.(*AURPPeerTable).RunAll.func1()
	/home/runner/work/jrouter/jrouter/router/aurp_peer_table.go:67 +0x1f fp=0x2028c10eefb0 sp=0x2028c10eef88 pc=0x96a61f
sync.(*WaitGroup).Go.func1()
	/opt/hostedtoolcache/go/1.26.4/x64/src/sync/waitgroup.go:258 +0x4a fp=0x2028c10eefe0 sp=0x2028c10eefb0 pc=0x4a01aa
runtime.goexit({})
	/opt/hostedtoolcache/go/1.26.4/x64/src/runtime/asm_amd64.s:1771 +0x1 fp=0x2028c10eefe8 sp=0x2028c10eefe0 pc=0x4950a1
created by sync.(*WaitGroup).Go in goroutine 1
	/opt/hostedtoolcache/go/1.26.4/x64/src/sync/waitgroup.go:238 +0x73

goroutine 291 gp=0x2028c10352c0 m=nil [select]:
runtime.gopark(0x2028c10efeb8?, 0x5?, 0xa5?, 0x90?, 0x2028c10efd86?)
	/opt/hostedtoolcache/go/1.26.4/x64/src/runtime/proc.go:462 +0xce fp=0x2028c10efc00 sp=0x2028c10efbe0 pc=0x48d62e
runtime.selectgo(0x2028c10efeb8, 0x2028c10efd7c, 0x2028c10e6780?, 0x0, 0x0?, 0x1)
	/opt/hostedtoolcache/go/1.26.4/x64/src/runtime/select.go:351 +0xaa5 fp=0x2028c10efd30 sp=0x2028c10efc00 pc=0x46b705
drjosh.dev/jrouter/router.(*AURPPeer).Handle(0x0?, {0xbd2b70, 0x2028c06f5a00})
	/home/runner/work/jrouter/jrouter/router/aurp_peer.go:299 +0x54d fp=0x2028c10eff88 sp=0x2028c10efd30 pc=0x962d4d
drjosh.dev/jrouter/router.(*AURPPeerTable).RunAll.func1()
	/home/runner/work/jrouter/jrouter/router/aurp_peer_table.go:67 +0x1f fp=0x2028c10effb0 sp=0x2028c10eff88 pc=0x96a61f
sync.(*WaitGroup).Go.func1()
	/opt/hostedtoolcache/go/1.26.4/x64/src/sync/waitgroup.go:258 +0x4a fp=0x2028c10effe0 sp=0x2028c10effb0 pc=0x4a01aa
runtime.goexit({})
	/opt/hostedtoolcache/go/1.26.4/x64/src/runtime/asm_amd64.s:1771 +0x1 fp=0x2028c10effe8 sp=0x2028c10effe0 pc=0x4950a1
created by sync.(*WaitGroup).Go in goroutine 1
	/opt/hostedtoolcache/go/1.26.4/x64/src/sync/waitgroup.go:238 +0x73

goroutine 292 gp=0x2028c10354a0 m=nil [select]:
runtime.gopark(0x2028c10daeb8?, 0x5?, 0xa5?, 0x90?, 0x2028c10dad86?)
	/opt/hostedtoolcache/go/1.26.4/x64/src/runtime/proc.go:462 +0xce fp=0x2028c10dac00 sp=0x2028c10dabe0 pc=0x48d62e
runtime.selectgo(0x2028c10daeb8, 0x2028c10dad7c, 0x2028c10e68a0?, 0x0, 0x0?, 0x1)
	/opt/hostedtoolcache/go/1.26.4/x64/src/runtime/select.go:351 +0xaa5 fp=0x2028c10dad30 sp=0x2028c10dac00 pc=0x46b705
drjosh.dev/jrouter/router.(*AURPPeer).Handle(0x0?, {0xbd2b70, 0x2028c06f5a00})
	/home/runner/work/jrouter/jrouter/router/aurp_peer.go:299 +0x54d fp=0x2028c10daf88 sp=0x2028c10dad30 pc=0x962d4d
drjosh.dev/jrouter/router.(*AURPPeerTable).RunAll.func1()
	/home/runner/work/jrouter/jrouter/router/aurp_peer_table.go:67 +0x1f fp=0x2028c10dafb0 sp=0x2028c10daf88 pc=0x96a61f
sync.(*WaitGroup).Go.func1()
	/opt/hostedtoolcache/go/1.26.4/x64/src/sync/waitgroup.go:258 +0x4a fp=0x2028c10dafe0 sp=0x2028c10dafb0 pc=0x4a01aa
runtime.goexit({})
	/opt/hostedtoolcache/go/1.26.4/x64/src/runtime/asm_amd64.s:1771 +0x1 fp=0x2028c10dafe8 sp=0x2028c10dafe0 pc=0x4950a1
created by sync.(*WaitGroup).Go in goroutine 1
	/opt/hostedtoolcache/go/1.26.4/x64/src/sync/waitgroup.go:238 +0x73

goroutine 293 gp=0x2028c1035680 m=nil [select]:
runtime.gopark(0x2028c10e9eb8?, 0x5?, 0xa5?, 0x90?, 0x2028c10e9d86?)
	/opt/hostedtoolcache/go/1.26.4/x64/src/runtime/proc.go:462 +0xce fp=0x2028c10e9c00 sp=0x2028c10e9be0 pc=0x48d62e
runtime.selectgo(0x2028c10e9eb8, 0x2028c10e9d7c, 0x2028c10e69c0?, 0x0, 0x0?, 0x1)
	/opt/hostedtoolcache/go/1.26.4/x64/src/runtime/select.go:351 +0xaa5 fp=0x2028c10e9d30 sp=0x2028c10e9c00 pc=0x46b705
drjosh.dev/jrouter/router.(*AURPPeer).Handle(0x0?, {0xbd2b70, 0x2028c06f5a00})
	/home/runner/work/jrouter/jrouter/router/aurp_peer.go:299 +0x54d fp=0x2028c10e9f88 sp=0x2028c10e9d30 pc=0x962d4d
drjosh.dev/jrouter/router.(*AURPPeerTable).RunAll.func1()
	/home/runner/work/jrouter/jrouter/router/aurp_peer_table.go:67 +0x1f fp=0x2028c10e9fb0 sp=0x2028c10e9f88 pc=0x96a61f
sync.(*WaitGroup).Go.func1()
	/opt/hostedtoolcache/go/1.26.4/x64/src/sync/waitgroup.go:258 +0x4a fp=0x2028c10e9fe0 sp=0x2028c10e9fb0 pc=0x4a01aa
runtime.goexit({})
	/opt/hostedtoolcache/go/1.26.4/x64/src/runtime/asm_amd64.s:1771 +0x1 fp=0x2028c10e9fe8 sp=0x2028c10e9fe0 pc=0x4950a1
created by sync.(*WaitGroup).Go in goroutine 1
	/opt/hostedtoolcache/go/1.26.4/x64/src/sync/waitgroup.go:238 +0x73

goroutine 294 gp=0x2028c1035860 m=nil [select]:
runtime.gopark(0x2028c10eaeb8?, 0x5?, 0xa5?, 0x90?, 0x2028c10ead86?)
	/opt/hostedtoolcache/go/1.26.4/x64/src/runtime/proc.go:462 +0xce fp=0x2028c10eac00 sp=0x2028c10eabe0 pc=0x48d62e
runtime.selectgo(0x2028c10eaeb8, 0x2028c10ead7c, 0x2028c10e6ae0?, 0x0, 0x0?, 0x1)
	/opt/hostedtoolcache/go/1.26.4/x64/src/runtime/select.go:351 +0xaa5 fp=0x2028c10ead30 sp=0x2028c10eac00 pc=0x46b705
drjosh.dev/jrouter/router.(*AURPPeer).Handle(0x0?, {0xbd2b70, 0x2028c06f5a00})
	/home/runner/work/jrouter/jrouter/router/aurp_peer.go:299 +0x54d fp=0x2028c10eaf88 sp=0x2028c10ead30 pc=0x962d4d
drjosh.dev/jrouter/router.(*AURPPeerTable).RunAll.func1()
	/home/runner/work/jrouter/jrouter/router/aurp_peer_table.go:67 +0x1f fp=0x2028c10eafb0 sp=0x2028c10eaf88 pc=0x96a61f
sync.(*WaitGroup).Go.func1()
	/opt/hostedtoolcache/go/1.26.4/x64/src/sync/waitgroup.go:258 +0x4a fp=0x2028c10eafe0 sp=0x2028c10eafb0 pc=0x4a01aa
runtime.goexit({})
	/opt/hostedtoolcache/go/1.26.4/x64/src/runtime/asm_amd64.s:1771 +0x1 fp=0x2028c10eafe8 sp=0x2028c10eafe0 pc=0x4950a1
created by sync.(*WaitGroup).Go in goroutine 1
	/opt/hostedtoolcache/go/1.26.4/x64/src/sync/waitgroup.go:238 +0x73

goroutine 295 gp=0x2028c1035a40 m=nil [select]:
runtime.gopark(0x2028c10ebeb8?, 0x5?, 0xa5?, 0x90?, 0x2028c10ebd86?)
	/opt/hostedtoolcache/go/1.26.4/x64/src/runtime/proc.go:462 +0xce fp=0x2028c10ebc00 sp=0x2028c10ebbe0 pc=0x48d62e
runtime.selectgo(0x2028c10ebeb8, 0x2028c10ebd7c, 0x2028c10e6c00?, 0x0, 0x0?, 0x1)
	/opt/hostedtoolcache/go/1.26.4/x64/src/runtime/select.go:351 +0xaa5 fp=0x2028c10ebd30 sp=0x2028c10ebc00 pc=0x46b705
drjosh.dev/jrouter/router.(*AURPPeer).Handle(0x0?, {0xbd2b70, 0x2028c06f5a00})
	/home/runner/work/jrouter/jrouter/router/aurp_peer.go:299 +0x54d fp=0x2028c10ebf88 sp=0x2028c10ebd30 pc=0x962d4d
drjosh.dev/jrouter/router.(*AURPPeerTable).RunAll.func1()
	/home/runner/work/jrouter/jrouter/router/aurp_peer_table.go:67 +0x1f fp=0x2028c10ebfb0 sp=0x2028c10ebf88 pc=0x96a61f
sync.(*WaitGroup).Go.func1()
	/opt/hostedtoolcache/go/1.26.4/x64/src/sync/waitgroup.go:258 +0x4a fp=0x2028c10ebfe0 sp=0x2028c10ebfb0 pc=0x4a01aa
runtime.goexit({})
	/opt/hostedtoolcache/go/1.26.4/x64/src/runtime/asm_amd64.s:1771 +0x1 fp=0x2028c10ebfe8 sp=0x2028c10ebfe0 pc=0x4950a1
created by sync.(*WaitGroup).Go in goroutine 1
	/opt/hostedtoolcache/go/1.26.4/x64/src/sync/waitgroup.go:238 +0x73

goroutine 296 gp=0x2028c1035c20 m=nil [select]:
runtime.gopark(0x2028c10eceb8?, 0x5?, 0xa5?, 0x90?, 0x2028c10ecd86?)
	/opt/hostedtoolcache/go/1.26.4/x64/src/runtime/proc.go:462 +0xce fp=0x2028c10ecc00 sp=0x2028c10ecbe0 pc=0x48d62e
runtime.selectgo(0x2028c10eceb8, 0x2028c10ecd7c, 0x2028c10e6d20?, 0x0, 0x0?, 0x1)
	/opt/hostedtoolcache/go/1.26.4/x64/src/runtime/select.go:351 +0xaa5 fp=0x2028c10ecd30 sp=0x2028c10ecc00 pc=0x46b705
drjosh.dev/jrouter/router.(*AURPPeer).Handle(0x0?, {0xbd2b70, 0x2028c06f5a00})
	/home/runner/work/jrouter/jrouter/router/aurp_peer.go:299 +0x54d fp=0x2028c10ecf88 sp=0x2028c10ecd30 pc=0x962d4d
drjosh.dev/jrouter/router.(*AURPPeerTable).RunAll.func1()
	/home/runner/work/jrouter/jrouter/router/aurp_peer_table.go:67 +0x1f fp=0x2028c10ecfb0 sp=0x2028c10ecf88 pc=0x96a61f
sync.(*WaitGroup).Go.func1()
	/opt/hostedtoolcache/go/1.26.4/x64/src/sync/waitgroup.go:258 +0x4a fp=0x2028c10ecfe0 sp=0x2028c10ecfb0 pc=0x4a01aa
runtime.goexit({})
	/opt/hostedtoolcache/go/1.26.4/x64/src/runtime/asm_amd64.s:1771 +0x1 fp=0x2028c10ecfe8 sp=0x2028c10ecfe0 pc=0x4950a1
created by sync.(*WaitGroup).Go in goroutine 1
	/opt/hostedtoolcache/go/1.26.4/x64/src/sync/waitgroup.go:238 +0x73

goroutine 297 gp=0x2028c1040000 m=nil [select]:
runtime.gopark(0x2028c10f5eb8?, 0x5?, 0xa5?, 0x90?, 0x2028c10f5d86?)
	/opt/hostedtoolcache/go/1.26.4/x64/src/runtime/proc.go:462 +0xce fp=0x2028c10f5c00 sp=0x2028c10f5be0 pc=0x48d62e
runtime.selectgo(0x2028c10f5eb8, 0x2028c10f5d7c, 0x2028c10e6e40?, 0x0, 0x0?, 0x1)
	/opt/hostedtoolcache/go/1.26.4/x64/src/runtime/select.go:351 +0xaa5 fp=0x2028c10f5d30 sp=0x2028c10f5c00 pc=0x46b705
drjosh.dev/jrouter/router.(*AURPPeer).Handle(0x0?, {0xbd2b70, 0x2028c06f5a00})
	/home/runner/work/jrouter/jrouter/router/aurp_peer.go:299 +0x54d fp=0x2028c10f5f88 sp=0x2028c10f5d30 pc=0x962d4d
drjosh.dev/jrouter/router.(*AURPPeerTable).RunAll.func1()
	/home/runner/work/jrouter/jrouter/router/aurp_peer_table.go:67 +0x1f fp=0x2028c10f5fb0 sp=0x2028c10f5f88 pc=0x96a61f
sync.(*WaitGroup).Go.func1()
	/opt/hostedtoolcache/go/1.26.4/x64/src/sync/waitgroup.go:258 +0x4a fp=0x2028c10f5fe0 sp=0x2028c10f5fb0 pc=0x4a01aa
runtime.goexit({})
	/opt/hostedtoolcache/go/1.26.4/x64/src/runtime/asm_amd64.s:1771 +0x1 fp=0x2028c10f5fe8 sp=0x2028c10f5fe0 pc=0x4950a1
created by sync.(*WaitGroup).Go in goroutine 1
	/opt/hostedtoolcache/go/1.26.4/x64/src/sync/waitgroup.go:238 +0x73

goroutine 298 gp=0x2028c10401e0 m=nil [select]:
runtime.gopark(0x2028c10f6eb8?, 0x5?, 0xa5?, 0x90?, 0x2028c10f6d86?)
	/opt/hostedtoolcache/go/1.26.4/x64/src/runtime/proc.go:462 +0xce fp=0x2028c10f6c00 sp=0x2028c10f6be0 pc=0x48d62e
runtime.selectgo(0x2028c10f6eb8, 0x2028c10f6d7c, 0x2028c10e6f60?, 0x0, 0x0?, 0x1)
	/opt/hostedtoolcache/go/1.26.4/x64/src/runtime/select.go:351 +0xaa5 fp=0x2028c10f6d30 sp=0x2028c10f6c00 pc=0x46b705
drjosh.dev/jrouter/router.(*AURPPeer).Handle(0x0?, {0xbd2b70, 0x2028c06f5a00})
	/home/runner/work/jrouter/jrouter/router/aurp_peer.go:299 +0x54d fp=0x2028c10f6f88 sp=0x2028c10f6d30 pc=0x962d4d
drjosh.dev/jrouter/router.(*AURPPeerTable).RunAll.func1()
	/home/runner/work/jrouter/jrouter/router/aurp_peer_table.go:67 +0x1f fp=0x2028c10f6fb0 sp=0x2028c10f6f88 pc=0x96a61f
sync.(*WaitGroup).Go.func1()
	/opt/hostedtoolcache/go/1.26.4/x64/src/sync/waitgroup.go:258 +0x4a fp=0x2028c10f6fe0 sp=0x2028c10f6fb0 pc=0x4a01aa
runtime.goexit({})
	/opt/hostedtoolcache/go/1.26.4/x64/src/runtime/asm_amd64.s:1771 +0x1 fp=0x2028c10f6fe8 sp=0x2028c10f6fe0 pc=0x4950a1
created by sync.(*WaitGroup).Go in goroutine 1
	/opt/hostedtoolcache/go/1.26.4/x64/src/sync/waitgroup.go:238 +0x73

goroutine 299 gp=0x2028c10403c0 m=nil [select]:
runtime.gopark(0x2028c10f7eb8?, 0x5?, 0xa5?, 0x90?, 0x2028c10f7d86?)
	/opt/hostedtoolcache/go/1.26.4/x64/src/runtime/proc.go:462 +0xce fp=0x2028c10f7c00 sp=0x2028c10f7be0 pc=0x48d62e
runtime.selectgo(0x2028c10f7eb8, 0x2028c10f7d7c, 0x2028c10e7080?, 0x0, 0x0?, 0x1)
	/opt/hostedtoolcache/go/1.26.4/x64/src/runtime/select.go:351 +0xaa5 fp=0x2028c10f7d30 sp=0x2028c10f7c00 pc=0x46b705
drjosh.dev/jrouter/router.(*AURPPeer).Handle(0x0?, {0xbd2b70, 0x2028c06f5a00})
	/home/runner/work/jrouter/jrouter/router/aurp_peer.go:299 +0x54d fp=0x2028c10f7f88 sp=0x2028c10f7d30 pc=0x962d4d
drjosh.dev/jrouter/router.(*AURPPeerTable).RunAll.func1()
	/home/runner/work/jrouter/jrouter/router/aurp_peer_table.go:67 +0x1f fp=0x2028c10f7fb0 sp=0x2028c10f7f88 pc=0x96a61f
sync.(*WaitGroup).Go.func1()
	/opt/hostedtoolcache/go/1.26.4/x64/src/sync/waitgroup.go:258 +0x4a fp=0x2028c10f7fe0 sp=0x2028c10f7fb0 pc=0x4a01aa
runtime.goexit({})
	/opt/hostedtoolcache/go/1.26.4/x64/src/runtime/asm_amd64.s:1771 +0x1 fp=0x2028c10f7fe8 sp=0x2028c10f7fe0 pc=0x4950a1
created by sync.(*WaitGroup).Go in goroutine 1
	/opt/hostedtoolcache/go/1.26.4/x64/src/sync/waitgroup.go:238 +0x73

goroutine 300 gp=0x2028c10405a0 m=nil [select]:
runtime.gopark(0x2028c10e8eb8?, 0x5?, 0xa5?, 0x90?, 0x2028c10e8d86?)
	/opt/hostedtoolcache/go/1.26.4/x64/src/runtime/proc.go:462 +0xce fp=0x2028c10e8c00 sp=0x2028c10e8be0 pc=0x48d62e
runtime.selectgo(0x2028c10e8eb8, 0x2028c10e8d7c, 0x2028c10e71a0?, 0x0, 0x0?, 0x1)
	/opt/hostedtoolcache/go/1.26.4/x64/src/runtime/select.go:351 +0xaa5 fp=0x2028c10e8d30 sp=0x2028c10e8c00 pc=0x46b705
drjosh.dev/jrouter/router.(*AURPPeer).Handle(0x0?, {0xbd2b70, 0x2028c06f5a00})
	/home/runner/work/jrouter/jrouter/router/aurp_peer.go:299 +0x54d fp=0x2028c10e8f88 sp=0x2028c10e8d30 pc=0x962d4d
drjosh.dev/jrouter/router.(*AURPPeerTable).RunAll.func1()
	/home/runner/work/jrouter/jrouter/router/aurp_peer_table.go:67 +0x1f fp=0x2028c10e8fb0 sp=0x2028c10e8f88 pc=0x96a61f
sync.(*WaitGroup).Go.func1()
	/opt/hostedtoolcache/go/1.26.4/x64/src/sync/waitgroup.go:258 +0x4a fp=0x2028c10e8fe0 sp=0x2028c10e8fb0 pc=0x4a01aa
runtime.goexit({})
	/opt/hostedtoolcache/go/1.26.4/x64/src/runtime/asm_amd64.s:1771 +0x1 fp=0x2028c10e8fe8 sp=0x2028c10e8fe0 pc=0x4950a1
created by sync.(*WaitGroup).Go in goroutine 1
	/opt/hostedtoolcache/go/1.26.4/x64/src/sync/waitgroup.go:238 +0x73

goroutine 301 gp=0x2028c1040780 m=nil [select]:
runtime.gopark(0x2028c10f1eb8?, 0x5?, 0xa5?, 0x90?, 0x2028c10f1d86?)
	/opt/hostedtoolcache/go/1.26.4/x64/src/runtime/proc.go:462 +0xce fp=0x2028c10f1c00 sp=0x2028c10f1be0 pc=0x48d62e
runtime.selectgo(0x2028c10f1eb8, 0x2028c10f1d7c, 0x2028c10e72c0?, 0x0, 0x0?, 0x1)
	/opt/hostedtoolcache/go/1.26.4/x64/src/runtime/select.go:351 +0xaa5 fp=0x2028c10f1d30 sp=0x2028c10f1c00 pc=0x46b705
drjosh.dev/jrouter/router.(*AURPPeer).Handle(0x0?, {0xbd2b70, 0x2028c06f5a00})
	/home/runner/work/jrouter/jrouter/router/aurp_peer.go:299 +0x54d fp=0x2028c10f1f88 sp=0x2028c10f1d30 pc=0x962d4d
drjosh.dev/jrouter/router.(*AURPPeerTable).RunAll.func1()
	/home/runner/work/jrouter/jrouter/router/aurp_peer_table.go:67 +0x1f fp=0x2028c10f1fb0 sp=0x2028c10f1f88 pc=0x96a61f
sync.(*WaitGroup).Go.func1()
	/opt/hostedtoolcache/go/1.26.4/x64/src/sync/waitgroup.go:258 +0x4a fp=0x2028c10f1fe0 sp=0x2028c10f1fb0 pc=0x4a01aa
runtime.goexit({})
	/opt/hostedtoolcache/go/1.26.4/x64/src/runtime/asm_amd64.s:1771 +0x1 fp=0x2028c10f1fe8 sp=0x2028c10f1fe0 pc=0x4950a1
created by sync.(*WaitGroup).Go in goroutine 1
	/opt/hostedtoolcache/go/1.26.4/x64/src/sync/waitgroup.go:238 +0x73

goroutine 302 gp=0x2028c1040960 m=nil [select]:
runtime.gopark(0x2028c10f2eb8?, 0x5?, 0xa5?, 0x90?, 0x2028c10f2d86?)
	/opt/hostedtoolcache/go/1.26.4/x64/src/runtime/proc.go:462 +0xce fp=0x2028c10f2c00 sp=0x2028c10f2be0 pc=0x48d62e
runtime.selectgo(0x2028c10f2eb8, 0x2028c10f2d7c, 0x2028c10e73e0?, 0x0, 0x0?, 0x1)
	/opt/hostedtoolcache/go/1.26.4/x64/src/runtime/select.go:351 +0xaa5 fp=0x2028c10f2d30 sp=0x2028c10f2c00 pc=0x46b705
drjosh.dev/jrouter/router.(*AURPPeer).Handle(0x0?, {0xbd2b70, 0x2028c06f5a00})
	/home/runner/work/jrouter/jrouter/router/aurp_peer.go:299 +0x54d fp=0x2028c10f2f88 sp=0x2028c10f2d30 pc=0x962d4d
drjosh.dev/jrouter/router.(*AURPPeerTable).RunAll.func1()
	/home/runner/work/jrouter/jrouter/router/aurp_peer_table.go:67 +0x1f fp=0x2028c10f2fb0 sp=0x2028c10f2f88 pc=0x96a61f
sync.(*WaitGroup).Go.func1()
	/opt/hostedtoolcache/go/1.26.4/x64/src/sync/waitgroup.go:258 +0x4a fp=0x2028c10f2fe0 sp=0x2028c10f2fb0 pc=0x4a01aa
runtime.goexit({})
	/opt/hostedtoolcache/go/1.26.4/x64/src/runtime/asm_amd64.s:1771 +0x1 fp=0x2028c10f2fe8 sp=0x2028c10f2fe0 pc=0x4950a1
created by sync.(*WaitGroup).Go in goroutine 1
	/opt/hostedtoolcache/go/1.26.4/x64/src/sync/waitgroup.go:238 +0x73

goroutine 303 gp=0x2028c1040b40 m=nil [select]:
runtime.gopark(0x2028c10f3eb8?, 0x5?, 0xa5?, 0x90?, 0x2028c10f3d86?)
	/opt/hostedtoolcache/go/1.26.4/x64/src/runtime/proc.go:462 +0xce fp=0x2028c10f3c00 sp=0x2028c10f3be0 pc=0x48d62e
runtime.selectgo(0x2028c10f3eb8, 0x2028c10f3d7c, 0x2028c10e7500?, 0x0, 0x0?, 0x1)
	/opt/hostedtoolcache/go/1.26.4/x64/src/runtime/select.go:351 +0xaa5 fp=0x2028c10f3d30 sp=0x2028c10f3c00 pc=0x46b705
drjosh.dev/jrouter/router.(*AURPPeer).Handle(0x0?, {0xbd2b70, 0x2028c06f5a00})
	/home/runner/work/jrouter/jrouter/router/aurp_peer.go:299 +0x54d fp=0x2028c10f3f88 sp=0x2028c10f3d30 pc=0x962d4d
drjosh.dev/jrouter/router.(*AURPPeerTable).RunAll.func1()
	/home/runner/work/jrouter/jrouter/router/aurp_peer_table.go:67 +0x1f fp=0x2028c10f3fb0 sp=0x2028c10f3f88 pc=0x96a61f
sync.(*WaitGroup).Go.func1()
	/opt/hostedtoolcache/go/1.26.4/x64/src/sync/waitgroup.go:258 +0x4a fp=0x2028c10f3fe0 sp=0x2028c10f3fb0 pc=0x4a01aa
runtime.goexit({})
	/opt/hostedtoolcache/go/1.26.4/x64/src/runtime/asm_amd64.s:1771 +0x1 fp=0x2028c10f3fe8 sp=0x2028c10f3fe0 pc=0x4950a1
created by sync.(*WaitGroup).Go in goroutine 1
	/opt/hostedtoolcache/go/1.26.4/x64/src/sync/waitgroup.go:238 +0x73

goroutine 304 gp=0x2028c1040d20 m=nil [select]:
runtime.gopark(0x2028c10f4eb8?, 0x5?, 0xa5?, 0x90?, 0x2028c10f4d86?)
	/opt/hostedtoolcache/go/1.26.4/x64/src/runtime/proc.go:462 +0xce fp=0x2028c10f4c00 sp=0x2028c10f4be0 pc=0x48d62e
runtime.selectgo(0x2028c10f4eb8, 0x2028c10f4d7c, 0x2028c10e7620?, 0x0, 0x0?, 0x1)
	/opt/hostedtoolcache/go/1.26.4/x64/src/runtime/select.go:351 +0xaa5 fp=0x2028c10f4d30 sp=0x2028c10f4c00 pc=0x46b705
drjosh.dev/jrouter/router.(*AURPPeer).Handle(0x0?, {0xbd2b70, 0x2028c06f5a00})
	/home/runner/work/jrouter/jrouter/router/aurp_peer.go:299 +0x54d fp=0x2028c10f4f88 sp=0x2028c10f4d30 pc=0x962d4d
drjosh.dev/jrouter/router.(*AURPPeerTable).RunAll.func1()
	/home/runner/work/jrouter/jrouter/router/aurp_peer_table.go:67 +0x1f fp=0x2028c10f4fb0 sp=0x2028c10f4f88 pc=0x96a61f
sync.(*WaitGroup).Go.func1()
	/opt/hostedtoolcache/go/1.26.4/x64/src/sync/waitgroup.go:258 +0x4a fp=0x2028c10f4fe0 sp=0x2028c10f4fb0 pc=0x4a01aa
runtime.goexit({})
	/opt/hostedtoolcache/go/1.26.4/x64/src/runtime/asm_amd64.s:1771 +0x1 fp=0x2028c10f4fe8 sp=0x2028c10f4fe0 pc=0x4950a1
created by sync.(*WaitGroup).Go in goroutine 1
	/opt/hostedtoolcache/go/1.26.4/x64/src/sync/waitgroup.go:238 +0x73

goroutine 305 gp=0x2028c1040f00 m=nil [select]:
runtime.gopark(0x2028c1201eb8?, 0x5?, 0xa5?, 0x90?, 0x2028c1201d86?)
	/opt/hostedtoolcache/go/1.26.4/x64/src/runtime/proc.go:462 +0xce fp=0x2028c1201c00 sp=0x2028c1201be0 pc=0x48d62e
runtime.selectgo(0x2028c1201eb8, 0x2028c1201d7c, 0x2028c11feae0?, 0x0, 0x0?, 0x1)
	/opt/hostedtoolcache/go/1.26.4/x64/src/runtime/select.go:351 +0xaa5 fp=0x2028c1201d30 sp=0x2028c1201c00 pc=0x46b705
drjosh.dev/jrouter/router.(*AURPPeer).Handle(0x0?, {0xbd2b70, 0x2028c06f5a00})
	/home/runner/work/jrouter/jrouter/router/aurp_peer.go:299 +0x54d fp=0x2028c1201f88 sp=0x2028c1201d30 pc=0x962d4d
drjosh.dev/jrouter/router.(*AURPPeerTable).RunAll.func1()
	/home/runner/work/jrouter/jrouter/router/aurp_peer_table.go:67 +0x1f fp=0x2028c1201fb0 sp=0x2028c1201f88 pc=0x96a61f
sync.(*WaitGroup).Go.func1()
	/opt/hostedtoolcache/go/1.26.4/x64/src/sync/waitgroup.go:258 +0x4a fp=0x2028c1201fe0 sp=0x2028c1201fb0 pc=0x4a01aa
runtime.goexit({})
	/opt/hostedtoolcache/go/1.26.4/x64/src/runtime/asm_amd64.s:1771 +0x1 fp=0x2028c1201fe8 sp=0x2028c1201fe0 pc=0x4950a1
created by sync.(*WaitGroup).Go in goroutine 1
	/opt/hostedtoolcache/go/1.26.4/x64/src/sync/waitgroup.go:238 +0x73

goroutine 306 gp=0x2028c10410e0 m=nil [select]:
runtime.gopark(0x2028c102aeb8?, 0x5?, 0xa5?, 0x90?, 0x2028c102ad86?)
	/opt/hostedtoolcache/go/1.26.4/x64/src/runtime/proc.go:462 +0xce fp=0x2028c102ac00 sp=0x2028c102abe0 pc=0x48d62e
runtime.selectgo(0x2028c102aeb8, 0x2028c102ad7c, 0x2028c10e7860?, 0x0, 0x0?, 0x1)
	/opt/hostedtoolcache/go/1.26.4/x64/src/runtime/select.go:351 +0xaa5 fp=0x2028c102ad30 sp=0x2028c102ac00 pc=0x46b705
drjosh.dev/jrouter/router.(*AURPPeer).Handle(0x0?, {0xbd2b70, 0x2028c06f5a00})
	/home/runner/work/jrouter/jrouter/router/aurp_peer.go:299 +0x54d fp=0x2028c102af88 sp=0x2028c102ad30 pc=0x962d4d
drjosh.dev/jrouter/router.(*AURPPeerTable).RunAll.func1()
	/home/runner/work/jrouter/jrouter/router/aurp_peer_table.go:67 +0x1f fp=0x2028c102afb0 sp=0x2028c102af88 pc=0x96a61f
sync.(*WaitGroup).Go.func1()
	/opt/hostedtoolcache/go/1.26.4/x64/src/sync/waitgroup.go:258 +0x4a fp=0x2028c102afe0 sp=0x2028c102afb0 pc=0x4a01aa
runtime.goexit({})
	/opt/hostedtoolcache/go/1.26.4/x64/src/runtime/asm_amd64.s:1771 +0x1 fp=0x2028c102afe8 sp=0x2028c102afe0 pc=0x4950a1
created by sync.(*WaitGroup).Go in goroutine 1
	/opt/hostedtoolcache/go/1.26.4/x64/src/sync/waitgroup.go:238 +0x73

goroutine 307 gp=0x2028c10412c0 m=nil [select]:
runtime.gopark(0x2028c102beb8?, 0x5?, 0xa5?, 0x90?, 0x2028c102bd86?)
	/opt/hostedtoolcache/go/1.26.4/x64/src/runtime/proc.go:462 +0xce fp=0x2028c102bc00 sp=0x2028c102bbe0 pc=0x48d62e
runtime.selectgo(0x2028c102beb8, 0x2028c102bd7c, 0x2028c10e7980?, 0x0, 0x0?, 0x1)
	/opt/hostedtoolcache/go/1.26.4/x64/src/runtime/select.go:351 +0xaa5 fp=0x2028c102bd30 sp=0x2028c102bc00 pc=0x46b705
drjosh.dev/jrouter/router.(*AURPPeer).Handle(0x0?, {0xbd2b70, 0x2028c06f5a00})
	/home/runner/work/jrouter/jrouter/router/aurp_peer.go:299 +0x54d fp=0x2028c102bf88 sp=0x2028c102bd30 pc=0x962d4d
drjosh.dev/jrouter/router.(*AURPPeerTable).RunAll.func1()
	/home/runner/work/jrouter/jrouter/router/aurp_peer_table.go:67 +0x1f fp=0x2028c102bfb0 sp=0x2028c102bf88 pc=0x96a61f
sync.(*WaitGroup).Go.func1()
	/opt/hostedtoolcache/go/1.26.4/x64/src/sync/waitgroup.go:258 +0x4a fp=0x2028c102bfe0 sp=0x2028c102bfb0 pc=0x4a01aa
runtime.goexit({})
	/opt/hostedtoolcache/go/1.26.4/x64/src/runtime/asm_amd64.s:1771 +0x1 fp=0x2028c102bfe8 sp=0x2028c102bfe0 pc=0x4950a1
created by sync.(*WaitGroup).Go in goroutine 1
	/opt/hostedtoolcache/go/1.26.4/x64/src/sync/waitgroup.go:238 +0x73

goroutine 308 gp=0x2028c10414a0 m=nil [select]:
runtime.gopark(0x2028c10f0eb8?, 0x5?, 0xa5?, 0x90?, 0x2028c10f0d86?)
	/opt/hostedtoolcache/go/1.26.4/x64/src/runtime/proc.go:462 +0xce fp=0x2028c10f0c00 sp=0x2028c10f0be0 pc=0x48d62e
runtime.selectgo(0x2028c10f0eb8, 0x2028c10f0d7c, 0x2028c10e7aa0?, 0x0, 0x0?, 0x1)
	/opt/hostedtoolcache/go/1.26.4/x64/src/runtime/select.go:351 +0xaa5 fp=0x2028c10f0d30 sp=0x2028c10f0c00 pc=0x46b705
drjosh.dev/jrouter/router.(*AURPPeer).Handle(0x0?, {0xbd2b70, 0x2028c06f5a00})
	/home/runner/work/jrouter/jrouter/router/aurp_peer.go:299 +0x54d fp=0x2028c10f0f88 sp=0x2028c10f0d30 pc=0x962d4d
drjosh.dev/jrouter/router.(*AURPPeerTable).RunAll.func1()
	/home/runner/work/jrouter/jrouter/router/aurp_peer_table.go:67 +0x1f fp=0x2028c10f0fb0 sp=0x2028c10f0f88 pc=0x96a61f
sync.(*WaitGroup).Go.func1()
	/opt/hostedtoolcache/go/1.26.4/x64/src/sync/waitgroup.go:258 +0x4a fp=0x2028c10f0fe0 sp=0x2028c10f0fb0 pc=0x4a01aa
runtime.goexit({})
	/opt/hostedtoolcache/go/1.26.4/x64/src/runtime/asm_amd64.s:1771 +0x1 fp=0x2028c10f0fe8 sp=0x2028c10f0fe0 pc=0x4950a1
created by sync.(*WaitGroup).Go in goroutine 1
	/opt/hostedtoolcache/go/1.26.4/x64/src/sync/waitgroup.go:238 +0x73

goroutine 309 gp=0x2028c1041680 m=nil [select]:
runtime.gopark(0x2028c0697eb8?, 0x5?, 0xa5?, 0x90?, 0x2028c0697d86?)
	/opt/hostedtoolcache/go/1.26.4/x64/src/runtime/proc.go:462 +0xce fp=0x2028c0697c00 sp=0x2028c0697be0 pc=0x48d62e
runtime.selectgo(0x2028c0697eb8, 0x2028c0697d7c, 0x2028c11a0e40?, 0x0, 0x0?, 0x1)
	/opt/hostedtoolcache/go/1.26.4/x64/src/runtime/select.go:351 +0xaa5 fp=0x2028c0697d30 sp=0x2028c0697c00 pc=0x46b705
drjosh.dev/jrouter/router.(*AURPPeer).Handle(0x0?, {0xbd2b70, 0x2028c06f5a00})
	/home/runner/work/jrouter/jrouter/router/aurp_peer.go:299 +0x54d fp=0x2028c0697f88 sp=0x2028c0697d30 pc=0x962d4d
drjosh.dev/jrouter/router.(*AURPPeerTable).RunAll.func1()
	/home/runner/work/jrouter/jrouter/router/aurp_peer_table.go:67 +0x1f fp=0x2028c0697fb0 sp=0x2028c0697f88 pc=0x96a61f
sync.(*WaitGroup).Go.func1()
	/opt/hostedtoolcache/go/1.26.4/x64/src/sync/waitgroup.go:258 +0x4a fp=0x2028c0697fe0 sp=0x2028c0697fb0 pc=0x4a01aa
runtime.goexit({})
	/opt/hostedtoolcache/go/1.26.4/x64/src/runtime/asm_amd64.s:1771 +0x1 fp=0x2028c0697fe8 sp=0x2028c0697fe0 pc=0x4950a1
created by sync.(*WaitGroup).Go in goroutine 1
	/opt/hostedtoolcache/go/1.26.4/x64/src/sync/waitgroup.go:238 +0x73

goroutine 310 gp=0x2028c1041860 m=nil [select]:
runtime.gopark(0x2028c1026eb8?, 0x5?, 0xa5?, 0x90?, 0x2028c1026d86?)
	/opt/hostedtoolcache/go/1.26.4/x64/src/runtime/proc.go:462 +0xce fp=0x2028c1026c00 sp=0x2028c1026be0 pc=0x48d62e
runtime.selectgo(0x2028c1026eb8, 0x2028c1026d7c, 0x2028c10e7ce0?, 0x0, 0x0?, 0x1)
	/opt/hostedtoolcache/go/1.26.4/x64/src/runtime/select.go:351 +0xaa5 fp=0x2028c1026d30 sp=0x2028c1026c00 pc=0x46b705
drjosh.dev/jrouter/router.(*AURPPeer).Handle(0x0?, {0xbd2b70, 0x2028c06f5a00})
	/home/runner/work/jrouter/jrouter/router/aurp_peer.go:299 +0x54d fp=0x2028c1026f88 sp=0x2028c1026d30 pc=0x962d4d
drjosh.dev/jrouter/router.(*AURPPeerTable).RunAll.func1()
	/home/runner/work/jrouter/jrouter/router/aurp_peer_table.go:67 +0x1f fp=0x2028c1026fb0 sp=0x2028c1026f88 pc=0x96a61f
sync.(*WaitGroup).Go.func1()
	/opt/hostedtoolcache/go/1.26.4/x64/src/sync/waitgroup.go:258 +0x4a fp=0x2028c1026fe0 sp=0x2028c1026fb0 pc=0x4a01aa
runtime.goexit({})
	/opt/hostedtoolcache/go/1.26.4/x64/src/runtime/asm_amd64.s:1771 +0x1 fp=0x2028c1026fe8 sp=0x2028c1026fe0 pc=0x4950a1
created by sync.(*WaitGroup).Go in goroutine 1
	/opt/hostedtoolcache/go/1.26.4/x64/src/sync/waitgroup.go:238 +0x73

goroutine 311 gp=0x2028c1041a40 m=nil [select]:
runtime.gopark(0x2028c1027eb8?, 0x5?, 0xa5?, 0x90?, 0x2028c1027d86?)
	/opt/hostedtoolcache/go/1.26.4/x64/src/runtime/proc.go:462 +0xce fp=0x2028c1027c00 sp=0x2028c1027be0 pc=0x48d62e
runtime.selectgo(0x2028c1027eb8, 0x2028c1027d7c, 0x2028c10e7e00?, 0x0, 0x0?, 0x1)
	/opt/hostedtoolcache/go/1.26.4/x64/src/runtime/select.go:351 +0xaa5 fp=0x2028c1027d30 sp=0x2028c1027c00 pc=0x46b705
drjosh.dev/jrouter/router.(*AURPPeer).Handle(0x0?, {0xbd2b70, 0x2028c06f5a00})
	/home/runner/work/jrouter/jrouter/router/aurp_peer.go:299 +0x54d fp=0x2028c1027f88 sp=0x2028c1027d30 pc=0x962d4d
drjosh.dev/jrouter/router.(*AURPPeerTable).RunAll.func1()
	/home/runner/work/jrouter/jrouter/router/aurp_peer_table.go:67 +0x1f fp=0x2028c1027fb0 sp=0x2028c1027f88 pc=0x96a61f
sync.(*WaitGroup).Go.func1()
	/opt/hostedtoolcache/go/1.26.4/x64/src/sync/waitgroup.go:258 +0x4a fp=0x2028c1027fe0 sp=0x2028c1027fb0 pc=0x4a01aa
runtime.goexit({})
	/opt/hostedtoolcache/go/1.26.4/x64/src/runtime/asm_amd64.s:1771 +0x1 fp=0x2028c1027fe8 sp=0x2028c1027fe0 pc=0x4950a1
created by sync.(*WaitGroup).Go in goroutine 1
	/opt/hostedtoolcache/go/1.26.4/x64/src/sync/waitgroup.go:238 +0x73

goroutine 312 gp=0x2028c1041c20 m=nil [select]:
runtime.gopark(0x2028c1028eb8?, 0x5?, 0xa5?, 0x90?, 0x2028c1028d86?)
	/opt/hostedtoolcache/go/1.26.4/x64/src/runtime/proc.go:462 +0xce fp=0x2028c1028c00 sp=0x2028c1028be0 pc=0x48d62e
runtime.selectgo(0x2028c1028eb8, 0x2028c1028d7c, 0x2028c102e060?, 0x0, 0x0?, 0x1)
	/opt/hostedtoolcache/go/1.26.4/x64/src/runtime/select.go:351 +0xaa5 fp=0x2028c1028d30 sp=0x2028c1028c00 pc=0x46b705
drjosh.dev/jrouter/router.(*AURPPeer).Handle(0x0?, {0xbd2b70, 0x2028c06f5a00})
	/home/runner/work/jrouter/jrouter/router/aurp_peer.go:299 +0x54d fp=0x2028c1028f88 sp=0x2028c1028d30 pc=0x962d4d
drjosh.dev/jrouter/router.(*AURPPeerTable).RunAll.func1()
	/home/runner/work/jrouter/jrouter/router/aurp_peer_table.go:67 +0x1f fp=0x2028c1028fb0 sp=0x2028c1028f88 pc=0x96a61f
sync.(*WaitGroup).Go.func1()
	/opt/hostedtoolcache/go/1.26.4/x64/src/sync/waitgroup.go:258 +0x4a fp=0x2028c1028fe0 sp=0x2028c1028fb0 pc=0x4a01aa
runtime.goexit({})
	/opt/hostedtoolcache/go/1.26.4/x64/src/runtime/asm_amd64.s:1771 +0x1 fp=0x2028c1028fe8 sp=0x2028c1028fe0 pc=0x4950a1
created by sync.(*WaitGroup).Go in goroutine 1
	/opt/hostedtoolcache/go/1.26.4/x64/src/sync/waitgroup.go:238 +0x73

goroutine 313 gp=0x2028c104a000 m=nil [select]:
runtime.gopark(0x2028c1105eb8?, 0x5?, 0xa5?, 0x90?, 0x2028c1105d86?)
	/opt/hostedtoolcache/go/1.26.4/x64/src/runtime/proc.go:462 +0xce fp=0x2028c1105c00 sp=0x2028c1105be0 pc=0x48d62e
runtime.selectgo(0x2028c1105eb8, 0x2028c1105d7c, 0x2028c102e180?, 0x0, 0x0?, 0x1)
	/opt/hostedtoolcache/go/1.26.4/x64/src/runtime/select.go:351 +0xaa5 fp=0x2028c1105d30 sp=0x2028c1105c00 pc=0x46b705
drjosh.dev/jrouter/router.(*AURPPeer).Handle(0x0?, {0xbd2b70, 0x2028c06f5a00})
	/home/runner/work/jrouter/jrouter/router/aurp_peer.go:299 +0x54d fp=0x2028c1105f88 sp=0x2028c1105d30 pc=0x962d4d
drjosh.dev/jrouter/router.(*AURPPeerTable).RunAll.func1()
	/home/runner/work/jrouter/jrouter/router/aurp_peer_table.go:67 +0x1f fp=0x2028c1105fb0 sp=0x2028c1105f88 pc=0x96a61f
sync.(*WaitGroup).Go.func1()
	/opt/hostedtoolcache/go/1.26.4/x64/src/sync/waitgroup.go:258 +0x4a fp=0x2028c1105fe0 sp=0x2028c1105fb0 pc=0x4a01aa
runtime.goexit({})
	/opt/hostedtoolcache/go/1.26.4/x64/src/runtime/asm_amd64.s:1771 +0x1 fp=0x2028c1105fe8 sp=0x2028c1105fe0 pc=0x4950a1
created by sync.(*WaitGroup).Go in goroutine 1
	/opt/hostedtoolcache/go/1.26.4/x64/src/sync/waitgroup.go:238 +0x73

goroutine 314 gp=0x2028c104a1e0 m=nil [select]:
runtime.gopark(0x2028c1106eb8?, 0x5?, 0xa5?, 0x90?, 0x2028c1106d86?)
	/opt/hostedtoolcache/go/1.26.4/x64/src/runtime/proc.go:462 +0xce fp=0x2028c1106c00 sp=0x2028c1106be0 pc=0x48d62e
runtime.selectgo(0x2028c1106eb8, 0x2028c1106d7c, 0x2028c102e2a0?, 0x0, 0x0?, 0x1)
	/opt/hostedtoolcache/go/1.26.4/x64/src/runtime/select.go:351 +0xaa5 fp=0x2028c1106d30 sp=0x2028c1106c00 pc=0x46b705
drjosh.dev/jrouter/router.(*AURPPeer).Handle(0x0?, {0xbd2b70, 0x2028c06f5a00})
	/home/runner/work/jrouter/jrouter/router/aurp_peer.go:299 +0x54d fp=0x2028c1106f88 sp=0x2028c1106d30 pc=0x962d4d
drjosh.dev/jrouter/router.(*AURPPeerTable).RunAll.func1()
	/home/runner/work/jrouter/jrouter/router/aurp_peer_table.go:67 +0x1f fp=0x2028c1106fb0 sp=0x2028c1106f88 pc=0x96a61f
sync.(*WaitGroup).Go.func1()
	/opt/hostedtoolcache/go/1.26.4/x64/src/sync/waitgroup.go:258 +0x4a fp=0x2028c1106fe0 sp=0x2028c1106fb0 pc=0x4a01aa
runtime.goexit({})
	/opt/hostedtoolcache/go/1.26.4/x64/src/runtime/asm_amd64.s:1771 +0x1 fp=0x2028c1106fe8 sp=0x2028c1106fe0 pc=0x4950a1
created by sync.(*WaitGroup).Go in goroutine 1
	/opt/hostedtoolcache/go/1.26.4/x64/src/sync/waitgroup.go:238 +0x73

goroutine 315 gp=0x2028c104a3c0 m=nil [select]:
runtime.gopark(0x2028c1107eb8?, 0x5?, 0xa5?, 0x90?, 0x2028c1107d86?)
	/opt/hostedtoolcache/go/1.26.4/x64/src/runtime/proc.go:462 +0xce fp=0x2028c1107c00 sp=0x2028c1107be0 pc=0x48d62e
runtime.selectgo(0x2028c1107eb8, 0x2028c1107d7c, 0x2028c102e3c0?, 0x0, 0x0?, 0x1)
	/opt/hostedtoolcache/go/1.26.4/x64/src/runtime/select.go:351 +0xaa5 fp=0x2028c1107d30 sp=0x2028c1107c00 pc=0x46b705
drjosh.dev/jrouter/router.(*AURPPeer).Handle(0x0?, {0xbd2b70, 0x2028c06f5a00})
	/home/runner/work/jrouter/jrouter/router/aurp_peer.go:299 +0x54d fp=0x2028c1107f88 sp=0x2028c1107d30 pc=0x962d4d
drjosh.dev/jrouter/router.(*AURPPeerTable).RunAll.func1()
	/home/runner/work/jrouter/jrouter/router/aurp_peer_table.go:67 +0x1f fp=0x2028c1107fb0 sp=0x2028c1107f88 pc=0x96a61f
sync.(*WaitGroup).Go.func1()
	/opt/hostedtoolcache/go/1.26.4/x64/src/sync/waitgroup.go:258 +0x4a fp=0x2028c1107fe0 sp=0x2028c1107fb0 pc=0x4a01aa
runtime.goexit({})
	/opt/hostedtoolcache/go/1.26.4/x64/src/runtime/asm_amd64.s:1771 +0x1 fp=0x2028c1107fe8 sp=0x2028c1107fe0 pc=0x4950a1
created by sync.(*WaitGroup).Go in goroutine 1
	/opt/hostedtoolcache/go/1.26.4/x64/src/sync/waitgroup.go:238 +0x73

goroutine 316 gp=0x2028c104a5a0 m=nil [select]:
runtime.gopark(0x2028c1024eb8?, 0x5?, 0xa5?, 0x90?, 0x2028c1024d86?)
	/opt/hostedtoolcache/go/1.26.4/x64/src/runtime/proc.go:462 +0xce fp=0x2028c1024c00 sp=0x2028c1024be0 pc=0x48d62e
runtime.selectgo(0x2028c1024eb8, 0x2028c1024d7c, 0x2028c102e4e0?, 0x0, 0x0?, 0x1)
	/opt/hostedtoolcache/go/1.26.4/x64/src/runtime/select.go:351 +0xaa5 fp=0x2028c1024d30 sp=0x2028c1024c00 pc=0x46b705
drjosh.dev/jrouter/router.(*AURPPeer).Handle(0x0?, {0xbd2b70, 0x2028c06f5a00})
	/home/runner/work/jrouter/jrouter/router/aurp_peer.go:299 +0x54d fp=0x2028c1024f88 sp=0x2028c1024d30 pc=0x962d4d
drjosh.dev/jrouter/router.(*AURPPeerTable).RunAll.func1()
	/home/runner/work/jrouter/jrouter/router/aurp_peer_table.go:67 +0x1f fp=0x2028c1024fb0 sp=0x2028c1024f88 pc=0x96a61f
sync.(*WaitGroup).Go.func1()
	/opt/hostedtoolcache/go/1.26.4/x64/src/sync/waitgroup.go:258 +0x4a fp=0x2028c1024fe0 sp=0x2028c1024fb0 pc=0x4a01aa
runtime.goexit({})
	/opt/hostedtoolcache/go/1.26.4/x64/src/runtime/asm_amd64.s:1771 +0x1 fp=0x2028c1024fe8 sp=0x2028c1024fe0 pc=0x4950a1
created by sync.(*WaitGroup).Go in goroutine 1
	/opt/hostedtoolcache/go/1.26.4/x64/src/sync/waitgroup.go:238 +0x73

goroutine 317 gp=0x2028c104a780 m=nil [select]:
runtime.gopark(0x2028c1101eb8?, 0x5?, 0xa5?, 0x90?, 0x2028c1101d86?)
	/opt/hostedtoolcache/go/1.26.4/x64/src/runtime/proc.go:462 +0xce fp=0x2028c1101c00 sp=0x2028c1101be0 pc=0x48d62e
runtime.selectgo(0x2028c1101eb8, 0x2028c1101d7c, 0x2028c102e600?, 0x0, 0x0?, 0x1)
	/opt/hostedtoolcache/go/1.26.4/x64/src/runtime/select.go:351 +0xaa5 fp=0x2028c1101d30 sp=0x2028c1101c00 pc=0x46b705
drjosh.dev/jrouter/router.(*AURPPeer).Handle(0x0?, {0xbd2b70, 0x2028c06f5a00})
	/home/runner/work/jrouter/jrouter/router/aurp_peer.go:299 +0x54d fp=0x2028c1101f88 sp=0x2028c1101d30 pc=0x962d4d
drjosh.dev/jrouter/router.(*AURPPeerTable).RunAll.func1()
	/home/runner/work/jrouter/jrouter/router/aurp_peer_table.go:67 +0x1f fp=0x2028c1101fb0 sp=0x2028c1101f88 pc=0x96a61f
sync.(*WaitGroup).Go.func1()
	/opt/hostedtoolcache/go/1.26.4/x64/src/sync/waitgroup.go:258 +0x4a fp=0x2028c1101fe0 sp=0x2028c1101fb0 pc=0x4a01aa
runtime.goexit({})
	/opt/hostedtoolcache/go/1.26.4/x64/src/runtime/asm_amd64.s:1771 +0x1 fp=0x2028c1101fe8 sp=0x2028c1101fe0 pc=0x4950a1
created by sync.(*WaitGroup).Go in goroutine 1
	/opt/hostedtoolcache/go/1.26.4/x64/src/sync/waitgroup.go:238 +0x73

goroutine 318 gp=0x2028c104a960 m=nil [select]:
runtime.gopark(0x2028c1102eb8?, 0x5?, 0xa5?, 0x90?, 0x2028c1102d86?)
	/opt/hostedtoolcache/go/1.26.4/x64/src/runtime/proc.go:462 +0xce fp=0x2028c1102c00 sp=0x2028c1102be0 pc=0x48d62e
runtime.selectgo(0x2028c1102eb8, 0x2028c1102d7c, 0x2028c102e720?, 0x0, 0x0?, 0x1)
	/opt/hostedtoolcache/go/1.26.4/x64/src/runtime/select.go:351 +0xaa5 fp=0x2028c1102d30 sp=0x2028c1102c00 pc=0x46b705
drjosh.dev/jrouter/router.(*AURPPeer).Handle(0x0?, {0xbd2b70, 0x2028c06f5a00})
	/home/runner/work/jrouter/jrouter/router/aurp_peer.go:299 +0x54d fp=0x2028c1102f88 sp=0x2028c1102d30 pc=0x962d4d
drjosh.dev/jrouter/router.(*AURPPeerTable).RunAll.func1()
	/home/runner/work/jrouter/jrouter/router/aurp_peer_table.go:67 +0x1f fp=0x2028c1102fb0 sp=0x2028c1102f88 pc=0x96a61f
sync.(*WaitGroup).Go.func1()
	/opt/hostedtoolcache/go/1.26.4/x64/src/sync/waitgroup.go:258 +0x4a fp=0x2028c1102fe0 sp=0x2028c1102fb0 pc=0x4a01aa
runtime.goexit({})
	/opt/hostedtoolcache/go/1.26.4/x64/src/runtime/asm_amd64.s:1771 +0x1 fp=0x2028c1102fe8 sp=0x2028c1102fe0 pc=0x4950a1
created by sync.(*WaitGroup).Go in goroutine 1
	/opt/hostedtoolcache/go/1.26.4/x64/src/sync/waitgroup.go:238 +0x73

goroutine 319 gp=0x2028c104ab40 m=nil [select]:
runtime.gopark(0x2028c1103eb8?, 0x5?, 0xa5?, 0x90?, 0x2028c1103d86?)
	/opt/hostedtoolcache/go/1.26.4/x64/src/runtime/proc.go:462 +0xce fp=0x2028c1103c00 sp=0x2028c1103be0 pc=0x48d62e
runtime.selectgo(0x2028c1103eb8, 0x2028c1103d7c, 0x2028c102e840?, 0x0, 0x0?, 0x1)
	/opt/hostedtoolcache/go/1.26.4/x64/src/runtime/select.go:351 +0xaa5 fp=0x2028c1103d30 sp=0x2028c1103c00 pc=0x46b705
drjosh.dev/jrouter/router.(*AURPPeer).Handle(0x0?, {0xbd2b70, 0x2028c06f5a00})
	/home/runner/work/jrouter/jrouter/router/aurp_peer.go:299 +0x54d fp=0x2028c1103f88 sp=0x2028c1103d30 pc=0x962d4d
drjosh.dev/jrouter/router.(*AURPPeerTable).RunAll.func1()
	/home/runner/work/jrouter/jrouter/router/aurp_peer_table.go:67 +0x1f fp=0x2028c1103fb0 sp=0x2028c1103f88 pc=0x96a61f
sync.(*WaitGroup).Go.func1()
	/opt/hostedtoolcache/go/1.26.4/x64/src/sync/waitgroup.go:258 +0x4a fp=0x2028c1103fe0 sp=0x2028c1103fb0 pc=0x4a01aa
runtime.goexit({})
	/opt/hostedtoolcache/go/1.26.4/x64/src/runtime/asm_amd64.s:1771 +0x1 fp=0x2028c1103fe8 sp=0x2028c1103fe0 pc=0x4950a1
created by sync.(*WaitGroup).Go in goroutine 1
	/opt/hostedtoolcache/go/1.26.4/x64/src/sync/waitgroup.go:238 +0x73

goroutine 320 gp=0x2028c104ad20 m=nil [select]:
runtime.gopark(0x2028c1104eb8?, 0x5?, 0xa5?, 0x90?, 0x2028c1104d86?)
	/opt/hostedtoolcache/go/1.26.4/x64/src/runtime/proc.go:462 +0xce fp=0x2028c1104c00 sp=0x2028c1104be0 pc=0x48d62e
runtime.selectgo(0x2028c1104eb8, 0x2028c1104d7c, 0x2028c102e960?, 0x0, 0x0?, 0x1)
	/opt/hostedtoolcache/go/1.26.4/x64/src/runtime/select.go:351 +0xaa5 fp=0x2028c1104d30 sp=0x2028c1104c00 pc=0x46b705
drjosh.dev/jrouter/router.(*AURPPeer).Handle(0x0?, {0xbd2b70, 0x2028c06f5a00})
	/home/runner/work/jrouter/jrouter/router/aurp_peer.go:299 +0x54d fp=0x2028c1104f88 sp=0x2028c1104d30 pc=0x962d4d
drjosh.dev/jrouter/router.(*AURPPeerTable).RunAll.func1()
	/home/runner/work/jrouter/jrouter/router/aurp_peer_table.go:67 +0x1f fp=0x2028c1104fb0 sp=0x2028c1104f88 pc=0x96a61f
sync.(*WaitGroup).Go.func1()
	/opt/hostedtoolcache/go/1.26.4/x64/src/sync/waitgroup.go:258 +0x4a fp=0x2028c1104fe0 sp=0x2028c1104fb0 pc=0x4a01aa
runtime.goexit({})
	/opt/hostedtoolcache/go/1.26.4/x64/src/runtime/asm_amd64.s:1771 +0x1 fp=0x2028c1104fe8 sp=0x2028c1104fe0 pc=0x4950a1
created by sync.(*WaitGroup).Go in goroutine 1
	/opt/hostedtoolcache/go/1.26.4/x64/src/sync/waitgroup.go:238 +0x73

goroutine 321 gp=0x2028c104af00 m=nil [select]:
runtime.gopark(0x2028c110deb8?, 0x5?, 0xa5?, 0x90?, 0x2028c110dd86?)
	/opt/hostedtoolcache/go/1.26.4/x64/src/runtime/proc.go:462 +0xce fp=0x2028c110dc00 sp=0x2028c110dbe0 pc=0x48d62e
runtime.selectgo(0x2028c110deb8, 0x2028c110dd7c, 0x2028c102ea80?, 0x0, 0x0?, 0x1)
	/opt/hostedtoolcache/go/1.26.4/x64/src/runtime/select.go:351 +0xaa5 fp=0x2028c110dd30 sp=0x2028c110dc00 pc=0x46b705
drjosh.dev/jrouter/router.(*AURPPeer).Handle(0x0?, {0xbd2b70, 0x2028c06f5a00})
	/home/runner/work/jrouter/jrouter/router/aurp_peer.go:299 +0x54d fp=0x2028c110df88 sp=0x2028c110dd30 pc=0x962d4d
drjosh.dev/jrouter/router.(*AURPPeerTable).RunAll.func1()
	/home/runner/work/jrouter/jrouter/router/aurp_peer_table.go:67 +0x1f fp=0x2028c110dfb0 sp=0x2028c110df88 pc=0x96a61f
sync.(*WaitGroup).Go.func1()
	/opt/hostedtoolcache/go/1.26.4/x64/src/sync/waitgroup.go:258 +0x4a fp=0x2028c110dfe0 sp=0x2028c110dfb0 pc=0x4a01aa
runtime.goexit({})
	/opt/hostedtoolcache/go/1.26.4/x64/src/runtime/asm_amd64.s:1771 +0x1 fp=0x2028c110dfe8 sp=0x2028c110dfe0 pc=0x4950a1
created by sync.(*WaitGroup).Go in goroutine 1
	/opt/hostedtoolcache/go/1.26.4/x64/src/sync/waitgroup.go:238 +0x73

goroutine 322 gp=0x2028c104b0e0 m=nil [select]:
runtime.gopark(0x2028c0763eb8?, 0x5?, 0xa5?, 0x90?, 0x2028c0763d86?)
	/opt/hostedtoolcache/go/1.26.4/x64/src/runtime/proc.go:462 +0xce fp=0x2028c0763c00 sp=0x2028c0763be0 pc=0x48d62e
runtime.selectgo(0x2028c0763eb8, 0x2028c0763d7c, 0x2028c105daa0?, 0x0, 0x0?, 0x1)
	/opt/hostedtoolcache/go/1.26.4/x64/src/runtime/select.go:351 +0xaa5 fp=0x2028c0763d30 sp=0x2028c0763c00 pc=0x46b705
drjosh.dev/jrouter/router.(*AURPPeer).Handle(0x0?, {0xbd2b70, 0x2028c06f5a00})
	/home/runner/work/jrouter/jrouter/router/aurp_peer.go:299 +0x54d fp=0x2028c0763f88 sp=0x2028c0763d30 pc=0x962d4d
drjosh.dev/jrouter/router.(*AURPPeerTable).RunAll.func1()
	/home/runner/work/jrouter/jrouter/router/aurp_peer_table.go:67 +0x1f fp=0x2028c0763fb0 sp=0x2028c0763f88 pc=0x96a61f
sync.(*WaitGroup).Go.func1()
	/opt/hostedtoolcache/go/1.26.4/x64/src/sync/waitgroup.go:258 +0x4a fp=0x2028c0763fe0 sp=0x2028c0763fb0 pc=0x4a01aa
runtime.goexit({})
	/opt/hostedtoolcache/go/1.26.4/x64/src/runtime/asm_amd64.s:1771 +0x1 fp=0x2028c0763fe8 sp=0x2028c0763fe0 pc=0x4950a1
created by sync.(*WaitGroup).Go in goroutine 1
	/opt/hostedtoolcache/go/1.26.4/x64/src/sync/waitgroup.go:238 +0x73

goroutine 323 gp=0x2028c104b2c0 m=nil [select]:
runtime.gopark(0x2028c110feb8?, 0x5?, 0xa5?, 0x90?, 0x2028c110fd86?)
	/opt/hostedtoolcache/go/1.26.4/x64/src/runtime/proc.go:462 +0xce fp=0x2028c110fc00 sp=0x2028c110fbe0 pc=0x48d62e
runtime.selectgo(0x2028c110feb8, 0x2028c110fd7c, 0x2028c102ecc0?, 0x0, 0x0?, 0x1)
	/opt/hostedtoolcache/go/1.26.4/x64/src/runtime/select.go:351 +0xaa5 fp=0x2028c110fd30 sp=0x2028c110fc00 pc=0x46b705
drjosh.dev/jrouter/router.(*AURPPeer).Handle(0x0?, {0xbd2b70, 0x2028c06f5a00})
	/home/runner/work/jrouter/jrouter/router/aurp_peer.go:299 +0x54d fp=0x2028c110ff88 sp=0x2028c110fd30 pc=0x962d4d
drjosh.dev/jrouter/router.(*AURPPeerTable).RunAll.func1()
	/home/runner/work/jrouter/jrouter/router/aurp_peer_table.go:67 +0x1f fp=0x2028c110ffb0 sp=0x2028c110ff88 pc=0x96a61f
sync.(*WaitGroup).Go.func1()
	/opt/hostedtoolcache/go/1.26.4/x64/src/sync/waitgroup.go:258 +0x4a fp=0x2028c110ffe0 sp=0x2028c110ffb0 pc=0x4a01aa
runtime.goexit({})
	/opt/hostedtoolcache/go/1.26.4/x64/src/runtime/asm_amd64.s:1771 +0x1 fp=0x2028c110ffe8 sp=0x2028c110ffe0 pc=0x4950a1
created by sync.(*WaitGroup).Go in goroutine 1
	/opt/hostedtoolcache/go/1.26.4/x64/src/sync/waitgroup.go:238 +0x73

goroutine 324 gp=0x2028c104b4a0 m=nil [select]:
runtime.gopark(0x2028c1100eb8?, 0x5?, 0xa5?, 0x90?, 0x2028c1100d86?)
	/opt/hostedtoolcache/go/1.26.4/x64/src/runtime/proc.go:462 +0xce fp=0x2028c1100c00 sp=0x2028c1100be0 pc=0x48d62e
runtime.selectgo(0x2028c1100eb8, 0x2028c1100d7c, 0x2028c102ede0?, 0x0, 0x0?, 0x1)
	/opt/hostedtoolcache/go/1.26.4/x64/src/runtime/select.go:351 +0xaa5 fp=0x2028c1100d30 sp=0x2028c1100c00 pc=0x46b705
drjosh.dev/jrouter/router.(*AURPPeer).Handle(0x0?, {0xbd2b70, 0x2028c06f5a00})
	/home/runner/work/jrouter/jrouter/router/aurp_peer.go:299 +0x54d fp=0x2028c1100f88 sp=0x2028c1100d30 pc=0x962d4d
drjosh.dev/jrouter/router.(*AURPPeerTable).RunAll.func1()
	/home/runner/work/jrouter/jrouter/router/aurp_peer_table.go:67 +0x1f fp=0x2028c1100fb0 sp=0x2028c1100f88 pc=0x96a61f
sync.(*WaitGroup).Go.func1()
	/opt/hostedtoolcache/go/1.26.4/x64/src/sync/waitgroup.go:258 +0x4a fp=0x2028c1100fe0 sp=0x2028c1100fb0 pc=0x4a01aa
runtime.goexit({})
	/opt/hostedtoolcache/go/1.26.4/x64/src/runtime/asm_amd64.s:1771 +0x1 fp=0x2028c1100fe8 sp=0x2028c1100fe0 pc=0x4950a1
created by sync.(*WaitGroup).Go in goroutine 1
	/opt/hostedtoolcache/go/1.26.4/x64/src/sync/waitgroup.go:238 +0x73

goroutine 325 gp=0x2028c104b680 m=nil [select]:
runtime.gopark(0x2028c1109eb8?, 0x5?, 0xa5?, 0x90?, 0x2028c1109d86?)
	/opt/hostedtoolcache/go/1.26.4/x64/src/runtime/proc.go:462 +0xce fp=0x2028c1109c00 sp=0x2028c1109be0 pc=0x48d62e
runtime.selectgo(0x2028c1109eb8, 0x2028c1109d7c, 0x2028c102ef00?, 0x0, 0x0?, 0x1)
	/opt/hostedtoolcache/go/1.26.4/x64/src/runtime/select.go:351 +0xaa5 fp=0x2028c1109d30 sp=0x2028c1109c00 pc=0x46b705
drjosh.dev/jrouter/router.(*AURPPeer).Handle(0x0?, {0xbd2b70, 0x2028c06f5a00})
	/home/runner/work/jrouter/jrouter/router/aurp_peer.go:299 +0x54d fp=0x2028c1109f88 sp=0x2028c1109d30 pc=0x962d4d
drjosh.dev/jrouter/router.(*AURPPeerTable).RunAll.func1()
	/home/runner/work/jrouter/jrouter/router/aurp_peer_table.go:67 +0x1f fp=0x2028c1109fb0 sp=0x2028c1109f88 pc=0x96a61f
sync.(*WaitGroup).Go.func1()
	/opt/hostedtoolcache/go/1.26.4/x64/src/sync/waitgroup.go:258 +0x4a fp=0x2028c1109fe0 sp=0x2028c1109fb0 pc=0x4a01aa
runtime.goexit({})
	/opt/hostedtoolcache/go/1.26.4/x64/src/runtime/asm_amd64.s:1771 +0x1 fp=0x2028c1109fe8 sp=0x2028c1109fe0 pc=0x4950a1
created by sync.(*WaitGroup).Go in goroutine 1
	/opt/hostedtoolcache/go/1.26.4/x64/src/sync/waitgroup.go:238 +0x73

goroutine 326 gp=0x2028c104b860 m=nil [select]:
runtime.gopark(0x2028c110aeb8?, 0x5?, 0xa5?, 0x90?, 0x2028c110ad86?)
	/opt/hostedtoolcache/go/1.26.4/x64/src/runtime/proc.go:462 +0xce fp=0x2028c110ac00 sp=0x2028c110abe0 pc=0x48d62e
runtime.selectgo(0x2028c110aeb8, 0x2028c110ad7c, 0x2028c102f020?, 0x0, 0x0?, 0x1)
	/opt/hostedtoolcache/go/1.26.4/x64/src/runtime/select.go:351 +0xaa5 fp=0x2028c110ad30 sp=0x2028c110ac00 pc=0x46b705
drjosh.dev/jrouter/router.(*AURPPeer).Handle(0x0?, {0xbd2b70, 0x2028c06f5a00})
	/home/runner/work/jrouter/jrouter/router/aurp_peer.go:299 +0x54d fp=0x2028c110af88 sp=0x2028c110ad30 pc=0x962d4d
drjosh.dev/jrouter/router.(*AURPPeerTable).RunAll.func1()
	/home/runner/work/jrouter/jrouter/router/aurp_peer_table.go:67 +0x1f fp=0x2028c110afb0 sp=0x2028c110af88 pc=0x96a61f
sync.(*WaitGroup).Go.func1()
	/opt/hostedtoolcache/go/1.26.4/x64/src/sync/waitgroup.go:258 +0x4a fp=0x2028c110afe0 sp=0x2028c110afb0 pc=0x4a01aa
runtime.goexit({})
	/opt/hostedtoolcache/go/1.26.4/x64/src/runtime/asm_amd64.s:1771 +0x1 fp=0x2028c110afe8 sp=0x2028c110afe0 pc=0x4950a1
created by sync.(*WaitGroup).Go in goroutine 1
	/opt/hostedtoolcache/go/1.26.4/x64/src/sync/waitgroup.go:238 +0x73

goroutine 327 gp=0x2028c104ba40 m=nil [select]:
runtime.gopark(0x2028c110beb8?, 0x5?, 0xa5?, 0x90?, 0x2028c110bd86?)
	/opt/hostedtoolcache/go/1.26.4/x64/src/runtime/proc.go:462 +0xce fp=0x2028c110bc00 sp=0x2028c110bbe0 pc=0x48d62e
runtime.selectgo(0x2028c110beb8, 0x2028c110bd7c, 0x2028c102f140?, 0x0, 0x0?, 0x1)
	/opt/hostedtoolcache/go/1.26.4/x64/src/runtime/select.go:351 +0xaa5 fp=0x2028c110bd30 sp=0x2028c110bc00 pc=0x46b705
drjosh.dev/jrouter/router.(*AURPPeer).Handle(0x0?, {0xbd2b70, 0x2028c06f5a00})
	/home/runner/work/jrouter/jrouter/router/aurp_peer.go:299 +0x54d fp=0x2028c110bf88 sp=0x2028c110bd30 pc=0x962d4d
drjosh.dev/jrouter/router.(*AURPPeerTable).RunAll.func1()
	/home/runner/work/jrouter/jrouter/router/aurp_peer_table.go:67 +0x1f fp=0x2028c110bfb0 sp=0x2028c110bf88 pc=0x96a61f
sync.(*WaitGroup).Go.func1()
	/opt/hostedtoolcache/go/1.26.4/x64/src/sync/waitgroup.go:258 +0x4a fp=0x2028c110bfe0 sp=0x2028c110bfb0 pc=0x4a01aa
runtime.goexit({})
	/opt/hostedtoolcache/go/1.26.4/x64/src/runtime/asm_amd64.s:1771 +0x1 fp=0x2028c110bfe8 sp=0x2028c110bfe0 pc=0x4950a1
created by sync.(*WaitGroup).Go in goroutine 1
	/opt/hostedtoolcache/go/1.26.4/x64/src/sync/waitgroup.go:238 +0x73

goroutine 328 gp=0x2028c104bc20 m=nil [select]:
runtime.gopark(0x2028c110ceb8?, 0x5?, 0xa5?, 0x90?, 0x2028c110cd86?)
	/opt/hostedtoolcache/go/1.26.4/x64/src/runtime/proc.go:462 +0xce fp=0x2028c110cc00 sp=0x2028c110cbe0 pc=0x48d62e
runtime.selectgo(0x2028c110ceb8, 0x2028c110cd7c, 0x2028c102f260?, 0x0, 0x0?, 0x1)
	/opt/hostedtoolcache/go/1.26.4/x64/src/runtime/select.go:351 +0xaa5 fp=0x2028c110cd30 sp=0x2028c110cc00 pc=0x46b705
drjosh.dev/jrouter/router.(*AURPPeer).Handle(0x0?, {0xbd2b70, 0x2028c06f5a00})
	/home/runner/work/jrouter/jrouter/router/aurp_peer.go:299 +0x54d fp=0x2028c110cf88 sp=0x2028c110cd30 pc=0x962d4d
drjosh.dev/jrouter/router.(*AURPPeerTable).RunAll.func1()
	/home/runner/work/jrouter/jrouter/router/aurp_peer_table.go:67 +0x1f fp=0x2028c110cfb0 sp=0x2028c110cf88 pc=0x96a61f
sync.(*WaitGroup).Go.func1()
	/opt/hostedtoolcache/go/1.26.4/x64/src/sync/waitgroup.go:258 +0x4a fp=0x2028c110cfe0 sp=0x2028c110cfb0 pc=0x4a01aa
runtime.goexit({})
	/opt/hostedtoolcache/go/1.26.4/x64/src/runtime/asm_amd64.s:1771 +0x1 fp=0x2028c110cfe8 sp=0x2028c110cfe0 pc=0x4950a1
created by sync.(*WaitGroup).Go in goroutine 1
	/opt/hostedtoolcache/go/1.26.4/x64/src/sync/waitgroup.go:238 +0x73

goroutine 329 gp=0x2028c1054000 m=nil [select]:
runtime.gopark(0x2028c1119eb8?, 0x5?, 0xa5?, 0x90?, 0x2028c1119d86?)
	/opt/hostedtoolcache/go/1.26.4/x64/src/runtime/proc.go:462 +0xce fp=0x2028c1119c00 sp=0x2028c1119be0 pc=0x48d62e
runtime.selectgo(0x2028c1119eb8, 0x2028c1119d7c, 0x2028c102f380?, 0x0, 0x0?, 0x1)
	/opt/hostedtoolcache/go/1.26.4/x64/src/runtime/select.go:351 +0xaa5 fp=0x2028c1119d30 sp=0x2028c1119c00 pc=0x46b705
drjosh.dev/jrouter/router.(*AURPPeer).Handle(0x0?, {0xbd2b70, 0x2028c06f5a00})
	/home/runner/work/jrouter/jrouter/router/aurp_peer.go:299 +0x54d fp=0x2028c1119f88 sp=0x2028c1119d30 pc=0x962d4d
drjosh.dev/jrouter/router.(*AURPPeerTable).RunAll.func1()
	/home/runner/work/jrouter/jrouter/router/aurp_peer_table.go:67 +0x1f fp=0x2028c1119fb0 sp=0x2028c1119f88 pc=0x96a61f
sync.(*WaitGroup).Go.func1()
	/opt/hostedtoolcache/go/1.26.4/x64/src/sync/waitgroup.go:258 +0x4a fp=0x2028c1119fe0 sp=0x2028c1119fb0 pc=0x4a01aa
runtime.goexit({})
	/opt/hostedtoolcache/go/1.26.4/x64/src/runtime/asm_amd64.s:1771 +0x1 fp=0x2028c1119fe8 sp=0x2028c1119fe0 pc=0x4950a1
created by sync.(*WaitGroup).Go in goroutine 1
	/opt/hostedtoolcache/go/1.26.4/x64/src/sync/waitgroup.go:238 +0x73

goroutine 330 gp=0x2028c10541e0 m=nil [select]:
runtime.gopark(0x2028c111aeb8?, 0x5?, 0xa5?, 0x90?, 0x2028c111ad86?)
	/opt/hostedtoolcache/go/1.26.4/x64/src/runtime/proc.go:462 +0xce fp=0x2028c111ac00 sp=0x2028c111abe0 pc=0x48d62e
runtime.selectgo(0x2028c111aeb8, 0x2028c111ad7c, 0x2028c102f4a0?, 0x0, 0x0?, 0x1)
	/opt/hostedtoolcache/go/1.26.4/x64/src/runtime/select.go:351 +0xaa5 fp=0x2028c111ad30 sp=0x2028c111ac00 pc=0x46b705
drjosh.dev/jrouter/router.(*AURPPeer).Handle(0x0?, {0xbd2b70, 0x2028c06f5a00})
	/home/runner/work/jrouter/jrouter/router/aurp_peer.go:299 +0x54d fp=0x2028c111af88 sp=0x2028c111ad30 pc=0x962d4d
drjosh.dev/jrouter/router.(*AURPPeerTable).RunAll.func1()
	/home/runner/work/jrouter/jrouter/router/aurp_peer_table.go:67 +0x1f fp=0x2028c111afb0 sp=0x2028c111af88 pc=0x96a61f
sync.(*WaitGroup).Go.func1()
	/opt/hostedtoolcache/go/1.26.4/x64/src/sync/waitgroup.go:258 +0x4a fp=0x2028c111afe0 sp=0x2028c111afb0 pc=0x4a01aa
runtime.goexit({})
	/opt/hostedtoolcache/go/1.26.4/x64/src/runtime/asm_amd64.s:1771 +0x1 fp=0x2028c111afe8 sp=0x2028c111afe0 pc=0x4950a1
created by sync.(*WaitGroup).Go in goroutine 1
	/opt/hostedtoolcache/go/1.26.4/x64/src/sync/waitgroup.go:238 +0x73

goroutine 331 gp=0x2028c10543c0 m=nil [select]:
runtime.gopark(0x2028c111beb8?, 0x5?, 0xa5?, 0x90?, 0x2028c111bd86?)
	/opt/hostedtoolcache/go/1.26.4/x64/src/runtime/proc.go:462 +0xce fp=0x2028c111bc00 sp=0x2028c111bbe0 pc=0x48d62e
runtime.selectgo(0x2028c111beb8, 0x2028c111bd7c, 0x2028c102f5c0?, 0x0, 0x0?, 0x1)
	/opt/hostedtoolcache/go/1.26.4/x64/src/runtime/select.go:351 +0xaa5 fp=0x2028c111bd30 sp=0x2028c111bc00 pc=0x46b705
drjosh.dev/jrouter/router.(*AURPPeer).Handle(0x0?, {0xbd2b70, 0x2028c06f5a00})
	/home/runner/work/jrouter/jrouter/router/aurp_peer.go:299 +0x54d fp=0x2028c111bf88 sp=0x2028c111bd30 pc=0x962d4d
drjosh.dev/jrouter/router.(*AURPPeerTable).RunAll.func1()
	/home/runner/work/jrouter/jrouter/router/aurp_peer_table.go:67 +0x1f fp=0x2028c111bfb0 sp=0x2028c111bf88 pc=0x96a61f
sync.(*WaitGroup).Go.func1()
	/opt/hostedtoolcache/go/1.26.4/x64/src/sync/waitgroup.go:258 +0x4a fp=0x2028c111bfe0 sp=0x2028c111bfb0 pc=0x4a01aa
runtime.goexit({})
	/opt/hostedtoolcache/go/1.26.4/x64/src/runtime/asm_amd64.s:1771 +0x1 fp=0x2028c111bfe8 sp=0x2028c111bfe0 pc=0x4950a1
created by sync.(*WaitGroup).Go in goroutine 1
	/opt/hostedtoolcache/go/1.26.4/x64/src/sync/waitgroup.go:238 +0x73

goroutine 332 gp=0x2028c10545a0 m=nil [select]:
runtime.gopark(0x2028c069beb8?, 0x5?, 0xa5?, 0x90?, 0x2028c069bd86?)
	/opt/hostedtoolcache/go/1.26.4/x64/src/runtime/proc.go:462 +0xce fp=0x2028c069bc00 sp=0x2028c069bbe0 pc=0x48d62e
runtime.selectgo(0x2028c069beb8, 0x2028c069bd7c, 0x2028c11fe1e0?, 0x0, 0x0?, 0x1)
	/opt/hostedtoolcache/go/1.26.4/x64/src/runtime/select.go:351 +0xaa5 fp=0x2028c069bd30 sp=0x2028c069bc00 pc=0x46b705
drjosh.dev/jrouter/router.(*AURPPeer).Handle(0x0?, {0xbd2b70, 0x2028c06f5a00})
	/home/runner/work/jrouter/jrouter/router/aurp_peer.go:299 +0x54d fp=0x2028c069bf88 sp=0x2028c069bd30 pc=0x962d4d
drjosh.dev/jrouter/router.(*AURPPeerTable).RunAll.func1()
	/home/runner/work/jrouter/jrouter/router/aurp_peer_table.go:67 +0x1f fp=0x2028c069bfb0 sp=0x2028c069bf88 pc=0x96a61f
sync.(*WaitGroup).Go.func1()
	/opt/hostedtoolcache/go/1.26.4/x64/src/sync/waitgroup.go:258 +0x4a fp=0x2028c069bfe0 sp=0x2028c069bfb0 pc=0x4a01aa
runtime.goexit({})
	/opt/hostedtoolcache/go/1.26.4/x64/src/runtime/asm_amd64.s:1771 +0x1 fp=0x2028c069bfe8 sp=0x2028c069bfe0 pc=0x4950a1
created by sync.(*WaitGroup).Go in goroutine 1
	/opt/hostedtoolcache/go/1.26.4/x64/src/sync/waitgroup.go:238 +0x73

goroutine 333 gp=0x2028c1054780 m=nil [select]:
runtime.gopark(0x2028c1115eb8?, 0x5?, 0xa5?, 0x90?, 0x2028c1115d86?)
	/opt/hostedtoolcache/go/1.26.4/x64/src/runtime/proc.go:462 +0xce fp=0x2028c1115c00 sp=0x2028c1115be0 pc=0x48d62e
runtime.selectgo(0x2028c1115eb8, 0x2028c1115d7c, 0x2028c102f800?, 0x0, 0x0?, 0x1)
	/opt/hostedtoolcache/go/1.26.4/x64/src/runtime/select.go:351 +0xaa5 fp=0x2028c1115d30 sp=0x2028c1115c00 pc=0x46b705
drjosh.dev/jrouter/router.(*AURPPeer).Handle(0x0?, {0xbd2b70, 0x2028c06f5a00})
	/home/runner/work/jrouter/jrouter/router/aurp_peer.go:299 +0x54d fp=0x2028c1115f88 sp=0x2028c1115d30 pc=0x962d4d
drjosh.dev/jrouter/router.(*AURPPeerTable).RunAll.func1()
	/home/runner/work/jrouter/jrouter/router/aurp_peer_table.go:67 +0x1f fp=0x2028c1115fb0 sp=0x2028c1115f88 pc=0x96a61f
sync.(*WaitGroup).Go.func1()
	/opt/hostedtoolcache/go/1.26.4/x64/src/sync/waitgroup.go:258 +0x4a fp=0x2028c1115fe0 sp=0x2028c1115fb0 pc=0x4a01aa
runtime.goexit({})
	/opt/hostedtoolcache/go/1.26.4/x64/src/runtime/asm_amd64.s:1771 +0x1 fp=0x2028c1115fe8 sp=0x2028c1115fe0 pc=0x4950a1
created by sync.(*WaitGroup).Go in goroutine 1
	/opt/hostedtoolcache/go/1.26.4/x64/src/sync/waitgroup.go:238 +0x73

goroutine 334 gp=0x2028c1054960 m=nil [select]:
runtime.gopark(0x2028c1116eb8?, 0x5?, 0xa5?, 0x90?, 0x2028c1116d86?)
	/opt/hostedtoolcache/go/1.26.4/x64/src/runtime/proc.go:462 +0xce fp=0x2028c1116c00 sp=0x2028c1116be0 pc=0x48d62e
runtime.selectgo(0x2028c1116eb8, 0x2028c1116d7c, 0x2028c102f920?, 0x0, 0x0?, 0x1)
	/opt/hostedtoolcache/go/1.26.4/x64/src/runtime/select.go:351 +0xaa5 fp=0x2028c1116d30 sp=0x2028c1116c00 pc=0x46b705
drjosh.dev/jrouter/router.(*AURPPeer).Handle(0x0?, {0xbd2b70, 0x2028c06f5a00})
	/home/runner/work/jrouter/jrouter/router/aurp_peer.go:299 +0x54d fp=0x2028c1116f88 sp=0x2028c1116d30 pc=0x962d4d
drjosh.dev/jrouter/router.(*AURPPeerTable).RunAll.func1()
	/home/runner/work/jrouter/jrouter/router/aurp_peer_table.go:67 +0x1f fp=0x2028c1116fb0 sp=0x2028c1116f88 pc=0x96a61f
sync.(*WaitGroup).Go.func1()
	/opt/hostedtoolcache/go/1.26.4/x64/src/sync/waitgroup.go:258 +0x4a fp=0x2028c1116fe0 sp=0x2028c1116fb0 pc=0x4a01aa
runtime.goexit({})
	/opt/hostedtoolcache/go/1.26.4/x64/src/runtime/asm_amd64.s:1771 +0x1 fp=0x2028c1116fe8 sp=0x2028c1116fe0 pc=0x4950a1
created by sync.(*WaitGroup).Go in goroutine 1
	/opt/hostedtoolcache/go/1.26.4/x64/src/sync/waitgroup.go:238 +0x73

goroutine 335 gp=0x2028c1054b40 m=nil [select]:
runtime.gopark(0x2028c1117eb8?, 0x5?, 0xa5?, 0x90?, 0x2028c1117d86?)
	/opt/hostedtoolcache/go/1.26.4/x64/src/runtime/proc.go:462 +0xce fp=0x2028c1117c00 sp=0x2028c1117be0 pc=0x48d62e
runtime.selectgo(0x2028c1117eb8, 0x2028c1117d7c, 0x2028c102fa40?, 0x0, 0x0?, 0x1)
	/opt/hostedtoolcache/go/1.26.4/x64/src/runtime/select.go:351 +0xaa5 fp=0x2028c1117d30 sp=0x2028c1117c00 pc=0x46b705
drjosh.dev/jrouter/router.(*AURPPeer).Handle(0x0?, {0xbd2b70, 0x2028c06f5a00})
	/home/runner/work/jrouter/jrouter/router/aurp_peer.go:299 +0x54d fp=0x2028c1117f88 sp=0x2028c1117d30 pc=0x962d4d
drjosh.dev/jrouter/router.(*AURPPeerTable).RunAll.func1()
	/home/runner/work/jrouter/jrouter/router/aurp_peer_table.go:67 +0x1f fp=0x2028c1117fb0 sp=0x2028c1117f88 pc=0x96a61f
sync.(*WaitGroup).Go.func1()
	/opt/hostedtoolcache/go/1.26.4/x64/src/sync/waitgroup.go:258 +0x4a fp=0x2028c1117fe0 sp=0x2028c1117fb0 pc=0x4a01aa
runtime.goexit({})
	/opt/hostedtoolcache/go/1.26.4/x64/src/runtime/asm_amd64.s:1771 +0x1 fp=0x2028c1117fe8 sp=0x2028c1117fe0 pc=0x4950a1
created by sync.(*WaitGroup).Go in goroutine 1
	/opt/hostedtoolcache/go/1.26.4/x64/src/sync/waitgroup.go:238 +0x73

goroutine 336 gp=0x2028c1054d20 m=nil [select]:
runtime.gopark(0x2028c1118eb8?, 0x5?, 0xa5?, 0x90?, 0x2028c1118d86?)
	/opt/hostedtoolcache/go/1.26.4/x64/src/runtime/proc.go:462 +0xce fp=0x2028c1118c00 sp=0x2028c1118be0 pc=0x48d62e
runtime.selectgo(0x2028c1118eb8, 0x2028c1118d7c, 0x2028c102fb60?, 0x0, 0x0?, 0x1)
	/opt/hostedtoolcache/go/1.26.4/x64/src/runtime/select.go:351 +0xaa5 fp=0x2028c1118d30 sp=0x2028c1118c00 pc=0x46b705
drjosh.dev/jrouter/router.(*AURPPeer).Handle(0x0?, {0xbd2b70, 0x2028c06f5a00})
	/home/runner/work/jrouter/jrouter/router/aurp_peer.go:299 +0x54d fp=0x2028c1118f88 sp=0x2028c1118d30 pc=0x962d4d
drjosh.dev/jrouter/router.(*AURPPeerTable).RunAll.func1()
	/home/runner/work/jrouter/jrouter/router/aurp_peer_table.go:67 +0x1f fp=0x2028c1118fb0 sp=0x2028c1118f88 pc=0x96a61f
sync.(*WaitGroup).Go.func1()
	/opt/hostedtoolcache/go/1.26.4/x64/src/sync/waitgroup.go:258 +0x4a fp=0x2028c1118fe0 sp=0x2028c1118fb0 pc=0x4a01aa
runtime.goexit({})
	/opt/hostedtoolcache/go/1.26.4/x64/src/runtime/asm_amd64.s:1771 +0x1 fp=0x2028c1118fe8 sp=0x2028c1118fe0 pc=0x4950a1
created by sync.(*WaitGroup).Go in goroutine 1
	/opt/hostedtoolcache/go/1.26.4/x64/src/sync/waitgroup.go:238 +0x73

goroutine 337 gp=0x2028c1054f00 m=nil [select]:
runtime.gopark(0x2028c1123eb8?, 0x5?, 0xa5?, 0x90?, 0x2028c1123d86?)
	/opt/hostedtoolcache/go/1.26.4/x64/src/runtime/proc.go:462 +0xce fp=0x2028c1123c00 sp=0x2028c1123be0 pc=0x48d62e
runtime.selectgo(0x2028c1123eb8, 0x2028c1123d7c, 0x2028c102fc80?, 0x0, 0x0?, 0x1)
	/opt/hostedtoolcache/go/1.26.4/x64/src/runtime/select.go:351 +0xaa5 fp=0x2028c1123d30 sp=0x2028c1123c00 pc=0x46b705
drjosh.dev/jrouter/router.(*AURPPeer).Handle(0x0?, {0xbd2b70, 0x2028c06f5a00})
	/home/runner/work/jrouter/jrouter/router/aurp_peer.go:299 +0x54d fp=0x2028c1123f88 sp=0x2028c1123d30 pc=0x962d4d
drjosh.dev/jrouter/router.(*AURPPeerTable).RunAll.func1()
	/home/runner/work/jrouter/jrouter/router/aurp_peer_table.go:67 +0x1f fp=0x2028c1123fb0 sp=0x2028c1123f88 pc=0x96a61f
sync.(*WaitGroup).Go.func1()
	/opt/hostedtoolcache/go/1.26.4/x64/src/sync/waitgroup.go:258 +0x4a fp=0x2028c1123fe0 sp=0x2028c1123fb0 pc=0x4a01aa
runtime.goexit({})
	/opt/hostedtoolcache/go/1.26.4/x64/src/runtime/asm_amd64.s:1771 +0x1 fp=0x2028c1123fe8 sp=0x2028c1123fe0 pc=0x4950a1
created by sync.(*WaitGroup).Go in goroutine 1
	/opt/hostedtoolcache/go/1.26.4/x64/src/sync/waitgroup.go:238 +0x73

goroutine 338 gp=0x2028c10550e0 m=nil [select]:
runtime.gopark(0x2028c1124eb8?, 0x5?, 0xa5?, 0x90?, 0x2028c1124d86?)
	/opt/hostedtoolcache/go/1.26.4/x64/src/runtime/proc.go:462 +0xce fp=0x2028c1124c00 sp=0x2028c1124be0 pc=0x48d62e
runtime.selectgo(0x2028c1124eb8, 0x2028c1124d7c, 0x2028c102fda0?, 0x0, 0x0?, 0x1)
	/opt/hostedtoolcache/go/1.26.4/x64/src/runtime/select.go:351 +0xaa5 fp=0x2028c1124d30 sp=0x2028c1124c00 pc=0x46b705
drjosh.dev/jrouter/router.(*AURPPeer).Handle(0x0?, {0xbd2b70, 0x2028c06f5a00})
	/home/runner/work/jrouter/jrouter/router/aurp_peer.go:299 +0x54d fp=0x2028c1124f88 sp=0x2028c1124d30 pc=0x962d4d
drjosh.dev/jrouter/router.(*AURPPeerTable).RunAll.func1()
	/home/runner/work/jrouter/jrouter/router/aurp_peer_table.go:67 +0x1f fp=0x2028c1124fb0 sp=0x2028c1124f88 pc=0x96a61f
sync.(*WaitGroup).Go.func1()
	/opt/hostedtoolcache/go/1.26.4/x64/src/sync/waitgroup.go:258 +0x4a fp=0x2028c1124fe0 sp=0x2028c1124fb0 pc=0x4a01aa
runtime.goexit({})
	/opt/hostedtoolcache/go/1.26.4/x64/src/runtime/asm_amd64.s:1771 +0x1 fp=0x2028c1124fe8 sp=0x2028c1124fe0 pc=0x4950a1
created by sync.(*WaitGroup).Go in goroutine 1
	/opt/hostedtoolcache/go/1.26.4/x64/src/sync/waitgroup.go:238 +0x73

goroutine 339 gp=0x2028c10552c0 m=nil [select]:
runtime.gopark(0x2028c1125eb8?, 0x5?, 0xa5?, 0x90?, 0x2028c1125d86?)
	/opt/hostedtoolcache/go/1.26.4/x64/src/runtime/proc.go:462 +0xce fp=0x2028c1125c00 sp=0x2028c1125be0 pc=0x48d62e
runtime.selectgo(0x2028c1125eb8, 0x2028c1125d7c, 0x2028c1128000?, 0x0, 0x0?, 0x1)
	/opt/hostedtoolcache/go/1.26.4/x64/src/runtime/select.go:351 +0xaa5 fp=0x2028c1125d30 sp=0x2028c1125c00 pc=0x46b705
drjosh.dev/jrouter/router.(*AURPPeer).Handle(0x0?, {0xbd2b70, 0x2028c06f5a00})
	/home/runner/work/jrouter/jrouter/router/aurp_peer.go:299 +0x54d fp=0x2028c1125f88 sp=0x2028c1125d30 pc=0x962d4d
drjosh.dev/jrouter/router.(*AURPPeerTable).RunAll.func1()
	/home/runner/work/jrouter/jrouter/router/aurp_peer_table.go:67 +0x1f fp=0x2028c1125fb0 sp=0x2028c1125f88 pc=0x96a61f
sync.(*WaitGroup).Go.func1()
	/opt/hostedtoolcache/go/1.26.4/x64/src/sync/waitgroup.go:258 +0x4a fp=0x2028c1125fe0 sp=0x2028c1125fb0 pc=0x4a01aa
runtime.goexit({})
	/opt/hostedtoolcache/go/1.26.4/x64/src/runtime/asm_amd64.s:1771 +0x1 fp=0x2028c1125fe8 sp=0x2028c1125fe0 pc=0x4950a1
created by sync.(*WaitGroup).Go in goroutine 1
	/opt/hostedtoolcache/go/1.26.4/x64/src/sync/waitgroup.go:238 +0x73

goroutine 340 gp=0x2028c10554a0 m=nil [select]:
runtime.gopark(0x2028c1114eb8?, 0x5?, 0xa5?, 0x90?, 0x2028c1114d86?)
	/opt/hostedtoolcache/go/1.26.4/x64/src/runtime/proc.go:462 +0xce fp=0x2028c1114c00 sp=0x2028c1114be0 pc=0x48d62e
runtime.selectgo(0x2028c1114eb8, 0x2028c1114d7c, 0x2028c1128120?, 0x0, 0x0?, 0x1)
	/opt/hostedtoolcache/go/1.26.4/x64/src/runtime/select.go:351 +0xaa5 fp=0x2028c1114d30 sp=0x2028c1114c00 pc=0x46b705
drjosh.dev/jrouter/router.(*AURPPeer).Handle(0x0?, {0xbd2b70, 0x2028c06f5a00})
	/home/runner/work/jrouter/jrouter/router/aurp_peer.go:299 +0x54d fp=0x2028c1114f88 sp=0x2028c1114d30 pc=0x962d4d
drjosh.dev/jrouter/router.(*AURPPeerTable).RunAll.func1()
	/home/runner/work/jrouter/jrouter/router/aurp_peer_table.go:67 +0x1f fp=0x2028c1114fb0 sp=0x2028c1114f88 pc=0x96a61f
sync.(*WaitGroup).Go.func1()
	/opt/hostedtoolcache/go/1.26.4/x64/src/sync/waitgroup.go:258 +0x4a fp=0x2028c1114fe0 sp=0x2028c1114fb0 pc=0x4a01aa
runtime.goexit({})
	/opt/hostedtoolcache/go/1.26.4/x64/src/runtime/asm_amd64.s:1771 +0x1 fp=0x2028c1114fe8 sp=0x2028c1114fe0 pc=0x4950a1
created by sync.(*WaitGroup).Go in goroutine 1
	/opt/hostedtoolcache/go/1.26.4/x64/src/sync/waitgroup.go:238 +0x73

goroutine 341 gp=0x2028c1055680 m=nil [select]:
runtime.gopark(0x2028c111feb8?, 0x5?, 0xa5?, 0x90?, 0x2028c111fd86?)
	/opt/hostedtoolcache/go/1.26.4/x64/src/runtime/proc.go:462 +0xce fp=0x2028c111fc00 sp=0x2028c111fbe0 pc=0x48d62e
runtime.selectgo(0x2028c111feb8, 0x2028c111fd7c, 0x2028c1128240?, 0x0, 0x0?, 0x1)
	/opt/hostedtoolcache/go/1.26.4/x64/src/runtime/select.go:351 +0xaa5 fp=0x2028c111fd30 sp=0x2028c111fc00 pc=0x46b705
drjosh.dev/jrouter/router.(*AURPPeer).Handle(0x0?, {0xbd2b70, 0x2028c06f5a00})
	/home/runner/work/jrouter/jrouter/router/aurp_peer.go:299 +0x54d fp=0x2028c111ff88 sp=0x2028c111fd30 pc=0x962d4d
drjosh.dev/jrouter/router.(*AURPPeerTable).RunAll.func1()
	/home/runner/work/jrouter/jrouter/router/aurp_peer_table.go:67 +0x1f fp=0x2028c111ffb0 sp=0x2028c111ff88 pc=0x96a61f
sync.(*WaitGroup).Go.func1()
	/opt/hostedtoolcache/go/1.26.4/x64/src/sync/waitgroup.go:258 +0x4a fp=0x2028c111ffe0 sp=0x2028c111ffb0 pc=0x4a01aa
runtime.goexit({})
	/opt/hostedtoolcache/go/1.26.4/x64/src/runtime/asm_amd64.s:1771 +0x1 fp=0x2028c111ffe8 sp=0x2028c111ffe0 pc=0x4950a1
created by sync.(*WaitGroup).Go in goroutine 1
	/opt/hostedtoolcache/go/1.26.4/x64/src/sync/waitgroup.go:238 +0x73

goroutine 342 gp=0x2028c1055860 m=nil [select]:
runtime.gopark(0x2028c1120eb8?, 0x5?, 0xa5?, 0x90?, 0x2028c1120d86?)
	/opt/hostedtoolcache/go/1.26.4/x64/src/runtime/proc.go:462 +0xce fp=0x2028c1120c00 sp=0x2028c1120be0 pc=0x48d62e
runtime.selectgo(0x2028c1120eb8, 0x2028c1120d7c, 0x2028c1128360?, 0x0, 0x0?, 0x1)
	/opt/hostedtoolcache/go/1.26.4/x64/src/runtime/select.go:351 +0xaa5 fp=0x2028c1120d30 sp=0x2028c1120c00 pc=0x46b705
drjosh.dev/jrouter/router.(*AURPPeer).Handle(0x0?, {0xbd2b70, 0x2028c06f5a00})
	/home/runner/work/jrouter/jrouter/router/aurp_peer.go:299 +0x54d fp=0x2028c1120f88 sp=0x2028c1120d30 pc=0x962d4d
drjosh.dev/jrouter/router.(*AURPPeerTable).RunAll.func1()
	/home/runner/work/jrouter/jrouter/router/aurp_peer_table.go:67 +0x1f fp=0x2028c1120fb0 sp=0x2028c1120f88 pc=0x96a61f
sync.(*WaitGroup).Go.func1()
	/opt/hostedtoolcache/go/1.26.4/x64/src/sync/waitgroup.go:258 +0x4a fp=0x2028c1120fe0 sp=0x2028c1120fb0 pc=0x4a01aa
runtime.goexit({})
	/opt/hostedtoolcache/go/1.26.4/x64/src/runtime/asm_amd64.s:1771 +0x1 fp=0x2028c1120fe8 sp=0x2028c1120fe0 pc=0x4950a1
created by sync.(*WaitGroup).Go in goroutine 1
	/opt/hostedtoolcache/go/1.26.4/x64/src/sync/waitgroup.go:238 +0x73

goroutine 343 gp=0x2028c1055a40 m=nil [select]:
runtime.gopark(0x2028c1121eb8?, 0x5?, 0xa5?, 0x90?, 0x2028c1121d86?)
	/opt/hostedtoolcache/go/1.26.4/x64/src/runtime/proc.go:462 +0xce fp=0x2028c1121c00 sp=0x2028c1121be0 pc=0x48d62e
runtime.selectgo(0x2028c1121eb8, 0x2028c1121d7c, 0x2028c1128480?, 0x0, 0x0?, 0x1)
	/opt/hostedtoolcache/go/1.26.4/x64/src/runtime/select.go:351 +0xaa5 fp=0x2028c1121d30 sp=0x2028c1121c00 pc=0x46b705
drjosh.dev/jrouter/router.(*AURPPeer).Handle(0x0?, {0xbd2b70, 0x2028c06f5a00})
	/home/runner/work/jrouter/jrouter/router/aurp_peer.go:299 +0x54d fp=0x2028c1121f88 sp=0x2028c1121d30 pc=0x962d4d
drjosh.dev/jrouter/router.(*AURPPeerTable).RunAll.func1()
	/home/runner/work/jrouter/jrouter/router/aurp_peer_table.go:67 +0x1f fp=0x2028c1121fb0 sp=0x2028c1121f88 pc=0x96a61f
sync.(*WaitGroup).Go.func1()
	/opt/hostedtoolcache/go/1.26.4/x64/src/sync/waitgroup.go:258 +0x4a fp=0x2028c1121fe0 sp=0x2028c1121fb0 pc=0x4a01aa
runtime.goexit({})
	/opt/hostedtoolcache/go/1.26.4/x64/src/runtime/asm_amd64.s:1771 +0x1 fp=0x2028c1121fe8 sp=0x2028c1121fe0 pc=0x4950a1
created by sync.(*WaitGroup).Go in goroutine 1
	/opt/hostedtoolcache/go/1.26.4/x64/src/sync/waitgroup.go:238 +0x73

goroutine 344 gp=0x2028c1055c20 m=nil [select]:
runtime.gopark(0x2028c1122eb8?, 0x5?, 0xa5?, 0x90?, 0x2028c1122d86?)
	/opt/hostedtoolcache/go/1.26.4/x64/src/runtime/proc.go:462 +0xce fp=0x2028c1122c00 sp=0x2028c1122be0 pc=0x48d62e
runtime.selectgo(0x2028c1122eb8, 0x2028c1122d7c, 0x2028c11285a0?, 0x0, 0x0?, 0x1)
	/opt/hostedtoolcache/go/1.26.4/x64/src/runtime/select.go:351 +0xaa5 fp=0x2028c1122d30 sp=0x2028c1122c00 pc=0x46b705
drjosh.dev/jrouter/router.(*AURPPeer).Handle(0x0?, {0xbd2b70, 0x2028c06f5a00})
	/home/runner/work/jrouter/jrouter/router/aurp_peer.go:299 +0x54d fp=0x2028c1122f88 sp=0x2028c1122d30 pc=0x962d4d
drjosh.dev/jrouter/router.(*AURPPeerTable).RunAll.func1()
	/home/runner/work/jrouter/jrouter/router/aurp_peer_table.go:67 +0x1f fp=0x2028c1122fb0 sp=0x2028c1122f88 pc=0x96a61f
sync.(*WaitGroup).Go.func1()
	/opt/hostedtoolcache/go/1.26.4/x64/src/sync/waitgroup.go:258 +0x4a fp=0x2028c1122fe0 sp=0x2028c1122fb0 pc=0x4a01aa
runtime.goexit({})
	/opt/hostedtoolcache/go/1.26.4/x64/src/runtime/asm_amd64.s:1771 +0x1 fp=0x2028c1122fe8 sp=0x2028c1122fe0 pc=0x4950a1
created by sync.(*WaitGroup).Go in goroutine 1
	/opt/hostedtoolcache/go/1.26.4/x64/src/sync/waitgroup.go:238 +0x73

goroutine 345 gp=0x2028c105e000 m=nil [select]:
runtime.gopark(0x2028c11bdeb8?, 0x5?, 0xa5?, 0x90?, 0x2028c11bdd86?)
	/opt/hostedtoolcache/go/1.26.4/x64/src/runtime/proc.go:462 +0xce fp=0x2028c11bdc00 sp=0x2028c11bdbe0 pc=0x48d62e
runtime.selectgo(0x2028c11bdeb8, 0x2028c11bdd7c, 0x2028c11f5360?, 0x0, 0x0?, 0x1)
	/opt/hostedtoolcache/go/1.26.4/x64/src/runtime/select.go:351 +0xaa5 fp=0x2028c11bdd30 sp=0x2028c11bdc00 pc=0x46b705
drjosh.dev/jrouter/router.(*AURPPeer).Handle(0x0?, {0xbd2b70, 0x2028c06f5a00})
	/home/runner/work/jrouter/jrouter/router/aurp_peer.go:299 +0x54d fp=0x2028c11bdf88 sp=0x2028c11bdd30 pc=0x962d4d
drjosh.dev/jrouter/router.(*AURPPeerTable).RunAll.func1()
	/home/runner/work/jrouter/jrouter/router/aurp_peer_table.go:67 +0x1f fp=0x2028c11bdfb0 sp=0x2028c11bdf88 pc=0x96a61f
sync.(*WaitGroup).Go.func1()
	/opt/hostedtoolcache/go/1.26.4/x64/src/sync/waitgroup.go:258 +0x4a fp=0x2028c11bdfe0 sp=0x2028c11bdfb0 pc=0x4a01aa
runtime.goexit({})
	/opt/hostedtoolcache/go/1.26.4/x64/src/runtime/asm_amd64.s:1771 +0x1 fp=0x2028c11bdfe8 sp=0x2028c11bdfe0 pc=0x4950a1
created by sync.(*WaitGroup).Go in goroutine 1
	/opt/hostedtoolcache/go/1.26.4/x64/src/sync/waitgroup.go:238 +0x73

goroutine 346 gp=0x2028c105e1e0 m=nil [select]:
runtime.gopark(0x2028c1138eb8?, 0x5?, 0xa5?, 0x90?, 0x2028c1138d86?)
	/opt/hostedtoolcache/go/1.26.4/x64/src/runtime/proc.go:462 +0xce fp=0x2028c1138c00 sp=0x2028c1138be0 pc=0x48d62e
runtime.selectgo(0x2028c1138eb8, 0x2028c1138d7c, 0x2028c11287e0?, 0x0, 0x0?, 0x1)
	/opt/hostedtoolcache/go/1.26.4/x64/src/runtime/select.go:351 +0xaa5 fp=0x2028c1138d30 sp=0x2028c1138c00 pc=0x46b705
drjosh.dev/jrouter/router.(*AURPPeer).Handle(0x0?, {0xbd2b70, 0x2028c06f5a00})
	/home/runner/work/jrouter/jrouter/router/aurp_peer.go:299 +0x54d fp=0x2028c1138f88 sp=0x2028c1138d30 pc=0x962d4d
drjosh.dev/jrouter/router.(*AURPPeerTable).RunAll.func1()
	/home/runner/work/jrouter/jrouter/router/aurp_peer_table.go:67 +0x1f fp=0x2028c1138fb0 sp=0x2028c1138f88 pc=0x96a61f
sync.(*WaitGroup).Go.func1()
	/opt/hostedtoolcache/go/1.26.4/x64/src/sync/waitgroup.go:258 +0x4a fp=0x2028c1138fe0 sp=0x2028c1138fb0 pc=0x4a01aa
runtime.goexit({})
	/opt/hostedtoolcache/go/1.26.4/x64/src/runtime/asm_amd64.s:1771 +0x1 fp=0x2028c1138fe8 sp=0x2028c1138fe0 pc=0x4950a1
created by sync.(*WaitGroup).Go in goroutine 1
	/opt/hostedtoolcache/go/1.26.4/x64/src/sync/waitgroup.go:238 +0x73

goroutine 347 gp=0x2028c105e3c0 m=nil [select]:
runtime.gopark(0x2028c1139eb8?, 0x5?, 0xa5?, 0x90?, 0x2028c1139d86?)
	/opt/hostedtoolcache/go/1.26.4/x64/src/runtime/proc.go:462 +0xce fp=0x2028c1139c00 sp=0x2028c1139be0 pc=0x48d62e
runtime.selectgo(0x2028c1139eb8, 0x2028c1139d7c, 0x2028c1128900?, 0x0, 0x0?, 0x1)
	/opt/hostedtoolcache/go/1.26.4/x64/src/runtime/select.go:351 +0xaa5 fp=0x2028c1139d30 sp=0x2028c1139c00 pc=0x46b705
drjosh.dev/jrouter/router.(*AURPPeer).Handle(0x0?, {0xbd2b70, 0x2028c06f5a00})
	/home/runner/work/jrouter/jrouter/router/aurp_peer.go:299 +0x54d fp=0x2028c1139f88 sp=0x2028c1139d30 pc=0x962d4d
drjosh.dev/jrouter/router.(*AURPPeerTable).RunAll.func1()
	/home/runner/work/jrouter/jrouter/router/aurp_peer_table.go:67 +0x1f fp=0x2028c1139fb0 sp=0x2028c1139f88 pc=0x96a61f
sync.(*WaitGroup).Go.func1()
	/opt/hostedtoolcache/go/1.26.4/x64/src/sync/waitgroup.go:258 +0x4a fp=0x2028c1139fe0 sp=0x2028c1139fb0 pc=0x4a01aa
runtime.goexit({})
	/opt/hostedtoolcache/go/1.26.4/x64/src/runtime/asm_amd64.s:1771 +0x1 fp=0x2028c1139fe8 sp=0x2028c1139fe0 pc=0x4950a1
created by sync.(*WaitGroup).Go in goroutine 1
	/opt/hostedtoolcache/go/1.26.4/x64/src/sync/waitgroup.go:238 +0x73

goroutine 348 gp=0x2028c105e5a0 m=nil [select]:
runtime.gopark(0x2028c111eeb8?, 0x5?, 0xa5?, 0x90?, 0x2028c111ed86?)
	/opt/hostedtoolcache/go/1.26.4/x64/src/runtime/proc.go:462 +0xce fp=0x2028c111ec00 sp=0x2028c111ebe0 pc=0x48d62e
runtime.selectgo(0x2028c111eeb8, 0x2028c111ed7c, 0x2028c1128a20?, 0x0, 0x0?, 0x1)
	/opt/hostedtoolcache/go/1.26.4/x64/src/runtime/select.go:351 +0xaa5 fp=0x2028c111ed30 sp=0x2028c111ec00 pc=0x46b705
drjosh.dev/jrouter/router.(*AURPPeer).Handle(0x0?, {0xbd2b70, 0x2028c06f5a00})
	/home/runner/work/jrouter/jrouter/router/aurp_peer.go:299 +0x54d fp=0x2028c111ef88 sp=0x2028c111ed30 pc=0x962d4d
drjosh.dev/jrouter/router.(*AURPPeerTable).RunAll.func1()
	/home/runner/work/jrouter/jrouter/router/aurp_peer_table.go:67 +0x1f fp=0x2028c111efb0 sp=0x2028c111ef88 pc=0x96a61f
sync.(*WaitGroup).Go.func1()
	/opt/hostedtoolcache/go/1.26.4/x64/src/sync/waitgroup.go:258 +0x4a fp=0x2028c111efe0 sp=0x2028c111efb0 pc=0x4a01aa
runtime.goexit({})
	/opt/hostedtoolcache/go/1.26.4/x64/src/runtime/asm_amd64.s:1771 +0x1 fp=0x2028c111efe8 sp=0x2028c111efe0 pc=0x4950a1
created by sync.(*WaitGroup).Go in goroutine 1
	/opt/hostedtoolcache/go/1.26.4/x64/src/sync/waitgroup.go:238 +0x73

goroutine 349 gp=0x2028c105e780 m=nil [select]:
runtime.gopark(0x2028c1133eb8?, 0x5?, 0xa5?, 0x90?, 0x2028c1133d86?)
	/opt/hostedtoolcache/go/1.26.4/x64/src/runtime/proc.go:462 +0xce fp=0x2028c1133c00 sp=0x2028c1133be0 pc=0x48d62e
runtime.selectgo(0x2028c1133eb8, 0x2028c1133d7c, 0x2028c1128b40?, 0x0, 0x0?, 0x1)
	/opt/hostedtoolcache/go/1.26.4/x64/src/runtime/select.go:351 +0xaa5 fp=0x2028c1133d30 sp=0x2028c1133c00 pc=0x46b705
drjosh.dev/jrouter/router.(*AURPPeer).Handle(0x0?, {0xbd2b70, 0x2028c06f5a00})
	/home/runner/work/jrouter/jrouter/router/aurp_peer.go:299 +0x54d fp=0x2028c1133f88 sp=0x2028c1133d30 pc=0x962d4d
drjosh.dev/jrouter/router.(*AURPPeerTable).RunAll.func1()
	/home/runner/work/jrouter/jrouter/router/aurp_peer_table.go:67 +0x1f fp=0x2028c1133fb0 sp=0x2028c1133f88 pc=0x96a61f
sync.(*WaitGroup).Go.func1()
	/opt/hostedtoolcache/go/1.26.4/x64/src/sync/waitgroup.go:258 +0x4a fp=0x2028c1133fe0 sp=0x2028c1133fb0 pc=0x4a01aa
runtime.goexit({})
	/opt/hostedtoolcache/go/1.26.4/x64/src/runtime/asm_amd64.s:1771 +0x1 fp=0x2028c1133fe8 sp=0x2028c1133fe0 pc=0x4950a1
created by sync.(*WaitGroup).Go in goroutine 1
	/opt/hostedtoolcache/go/1.26.4/x64/src/sync/waitgroup.go:238 +0x73

goroutine 350 gp=0x2028c105e960 m=nil [select]:
runtime.gopark(0x2028c1134eb8?, 0x5?, 0xa5?, 0x90?, 0x2028c1134d86?)
	/opt/hostedtoolcache/go/1.26.4/x64/src/runtime/proc.go:462 +0xce fp=0x2028c1134c00 sp=0x2028c1134be0 pc=0x48d62e
runtime.selectgo(0x2028c1134eb8, 0x2028c1134d7c, 0x2028c1128c60?, 0x0, 0x0?, 0x1)
	/opt/hostedtoolcache/go/1.26.4/x64/src/runtime/select.go:351 +0xaa5 fp=0x2028c1134d30 sp=0x2028c1134c00 pc=0x46b705
drjosh.dev/jrouter/router.(*AURPPeer).Handle(0x0?, {0xbd2b70, 0x2028c06f5a00})
	/home/runner/work/jrouter/jrouter/router/aurp_peer.go:299 +0x54d fp=0x2028c1134f88 sp=0x2028c1134d30 pc=0x962d4d
drjosh.dev/jrouter/router.(*AURPPeerTable).RunAll.func1()
	/home/runner/work/jrouter/jrouter/router/aurp_peer_table.go:67 +0x1f fp=0x2028c1134fb0 sp=0x2028c1134f88 pc=0x96a61f
sync.(*WaitGroup).Go.func1()
	/opt/hostedtoolcache/go/1.26.4/x64/src/sync/waitgroup.go:258 +0x4a fp=0x2028c1134fe0 sp=0x2028c1134fb0 pc=0x4a01aa
runtime.goexit({})
	/opt/hostedtoolcache/go/1.26.4/x64/src/runtime/asm_amd64.s:1771 +0x1 fp=0x2028c1134fe8 sp=0x2028c1134fe0 pc=0x4950a1
created by sync.(*WaitGroup).Go in goroutine 1
	/opt/hostedtoolcache/go/1.26.4/x64/src/sync/waitgroup.go:238 +0x73

goroutine 351 gp=0x2028c105eb40 m=nil [select]:
runtime.gopark(0x2028c1205eb8?, 0x5?, 0xa5?, 0x90?, 0x2028c1205d86?)
	/opt/hostedtoolcache/go/1.26.4/x64/src/runtime/proc.go:462 +0xce fp=0x2028c1205c00 sp=0x2028c1205be0 pc=0x48d62e
runtime.selectgo(0x2028c1205eb8, 0x2028c1205d7c, 0x2028c11fe5a0?, 0x0, 0x0?, 0x1)
	/opt/hostedtoolcache/go/1.26.4/x64/src/runtime/select.go:351 +0xaa5 fp=0x2028c1205d30 sp=0x2028c1205c00 pc=0x46b705
drjosh.dev/jrouter/router.(*AURPPeer).Handle(0x0?, {0xbd2b70, 0x2028c06f5a00})
	/home/runner/work/jrouter/jrouter/router/aurp_peer.go:299 +0x54d fp=0x2028c1205f88 sp=0x2028c1205d30 pc=0x962d4d
drjosh.dev/jrouter/router.(*AURPPeerTable).RunAll.func1()
	/home/runner/work/jrouter/jrouter/router/aurp_peer_table.go:67 +0x1f fp=0x2028c1205fb0 sp=0x2028c1205f88 pc=0x96a61f
sync.(*WaitGroup).Go.func1()
	/opt/hostedtoolcache/go/1.26.4/x64/src/sync/waitgroup.go:258 +0x4a fp=0x2028c1205fe0 sp=0x2028c1205fb0 pc=0x4a01aa
runtime.goexit({})
	/opt/hostedtoolcache/go/1.26.4/x64/src/runtime/asm_amd64.s:1771 +0x1 fp=0x2028c1205fe8 sp=0x2028c1205fe0 pc=0x4950a1
created by sync.(*WaitGroup).Go in goroutine 1
	/opt/hostedtoolcache/go/1.26.4/x64/src/sync/waitgroup.go:238 +0x73

goroutine 352 gp=0x2028c105ed20 m=nil [select]:
runtime.gopark(0x2028c1136eb8?, 0x5?, 0xa5?, 0x90?, 0x2028c1136d86?)
	/opt/hostedtoolcache/go/1.26.4/x64/src/runtime/proc.go:462 +0xce fp=0x2028c1136c00 sp=0x2028c1136be0 pc=0x48d62e
runtime.selectgo(0x2028c1136eb8, 0x2028c1136d7c, 0x2028c1128ea0?, 0x0, 0x0?, 0x1)
	/opt/hostedtoolcache/go/1.26.4/x64/src/runtime/select.go:351 +0xaa5 fp=0x2028c1136d30 sp=0x2028c1136c00 pc=0x46b705
drjosh.dev/jrouter/router.(*AURPPeer).Handle(0x0?, {0xbd2b70, 0x2028c06f5a00})
	/home/runner/work/jrouter/jrouter/router/aurp_peer.go:299 +0x54d fp=0x2028c1136f88 sp=0x2028c1136d30 pc=0x962d4d
drjosh.dev/jrouter/router.(*AURPPeerTable).RunAll.func1()
	/home/runner/work/jrouter/jrouter/router/aurp_peer_table.go:67 +0x1f fp=0x2028c1136fb0 sp=0x2028c1136f88 pc=0x96a61f
sync.(*WaitGroup).Go.func1()
	/opt/hostedtoolcache/go/1.26.4/x64/src/sync/waitgroup.go:258 +0x4a fp=0x2028c1136fe0 sp=0x2028c1136fb0 pc=0x4a01aa
runtime.goexit({})
	/opt/hostedtoolcache/go/1.26.4/x64/src/runtime/asm_amd64.s:1771 +0x1 fp=0x2028c1136fe8 sp=0x2028c1136fe0 pc=0x4950a1
created by sync.(*WaitGroup).Go in goroutine 1
	/opt/hostedtoolcache/go/1.26.4/x64/src/sync/waitgroup.go:238 +0x73

goroutine 353 gp=0x2028c105ef00 m=nil [select]:
runtime.gopark(0x2028c113feb8?, 0x5?, 0xa5?, 0x90?, 0x2028c113fd86?)
	/opt/hostedtoolcache/go/1.26.4/x64/src/runtime/proc.go:462 +0xce fp=0x2028c113fc00 sp=0x2028c113fbe0 pc=0x48d62e
runtime.selectgo(0x2028c113feb8, 0x2028c113fd7c, 0x2028c1128fc0?, 0x0, 0x0?, 0x1)
	/opt/hostedtoolcache/go/1.26.4/x64/src/runtime/select.go:351 +0xaa5 fp=0x2028c113fd30 sp=0x2028c113fc00 pc=0x46b705
drjosh.dev/jrouter/router.(*AURPPeer).Handle(0x0?, {0xbd2b70, 0x2028c06f5a00})
	/home/runner/work/jrouter/jrouter/router/aurp_peer.go:299 +0x54d fp=0x2028c113ff88 sp=0x2028c113fd30 pc=0x962d4d
drjosh.dev/jrouter/router.(*AURPPeerTable).RunAll.func1()
	/home/runner/work/jrouter/jrouter/router/aurp_peer_table.go:67 +0x1f fp=0x2028c113ffb0 sp=0x2028c113ff88 pc=0x96a61f
sync.(*WaitGroup).Go.func1()
	/opt/hostedtoolcache/go/1.26.4/x64/src/sync/waitgroup.go:258 +0x4a fp=0x2028c113ffe0 sp=0x2028c113ffb0 pc=0x4a01aa
runtime.goexit({})
	/opt/hostedtoolcache/go/1.26.4/x64/src/runtime/asm_amd64.s:1771 +0x1 fp=0x2028c113ffe8 sp=0x2028c113ffe0 pc=0x4950a1
created by sync.(*WaitGroup).Go in goroutine 1
	/opt/hostedtoolcache/go/1.26.4/x64/src/sync/waitgroup.go:238 +0x73

goroutine 354 gp=0x2028c105f0e0 m=nil [select]:
runtime.gopark(0x2028c1140eb8?, 0x5?, 0xa5?, 0x90?, 0x2028c1140d86?)
	/opt/hostedtoolcache/go/1.26.4/x64/src/runtime/proc.go:462 +0xce fp=0x2028c1140c00 sp=0x2028c1140be0 pc=0x48d62e
runtime.selectgo(0x2028c1140eb8, 0x2028c1140d7c, 0x2028c11290e0?, 0x0, 0x0?, 0x1)
	/opt/hostedtoolcache/go/1.26.4/x64/src/runtime/select.go:351 +0xaa5 fp=0x2028c1140d30 sp=0x2028c1140c00 pc=0x46b705
drjosh.dev/jrouter/router.(*AURPPeer).Handle(0x0?, {0xbd2b70, 0x2028c06f5a00})
	/home/runner/work/jrouter/jrouter/router/aurp_peer.go:299 +0x54d fp=0x2028c1140f88 sp=0x2028c1140d30 pc=0x962d4d
drjosh.dev/jrouter/router.(*AURPPeerTable).RunAll.func1()
	/home/runner/work/jrouter/jrouter/router/aurp_peer_table.go:67 +0x1f fp=0x2028c1140fb0 sp=0x2028c1140f88 pc=0x96a61f
sync.(*WaitGroup).Go.func1()
	/opt/hostedtoolcache/go/1.26.4/x64/src/sync/waitgroup.go:258 +0x4a fp=0x2028c1140fe0 sp=0x2028c1140fb0 pc=0x4a01aa
runtime.goexit({})
	/opt/hostedtoolcache/go/1.26.4/x64/src/runtime/asm_amd64.s:1771 +0x1 fp=0x2028c1140fe8 sp=0x2028c1140fe0 pc=0x4950a1
created by sync.(*WaitGroup).Go in goroutine 1
	/opt/hostedtoolcache/go/1.26.4/x64/src/sync/waitgroup.go:238 +0x73

goroutine 355 gp=0x2028c105f2c0 m=nil [select]:
runtime.gopark(0x2028c11b9eb8?, 0x5?, 0xa5?, 0x90?, 0x2028c11b9d86?)
	/opt/hostedtoolcache/go/1.26.4/x64/src/runtime/proc.go:462 +0xce fp=0x2028c11b9c00 sp=0x2028c11b9be0 pc=0x48d62e
runtime.selectgo(0x2028c11b9eb8, 0x2028c11b9d7c, 0x2028c11fe060?, 0x0, 0x0?, 0x1)
	/opt/hostedtoolcache/go/1.26.4/x64/src/runtime/select.go:351 +0xaa5 fp=0x2028c11b9d30 sp=0x2028c11b9c00 pc=0x46b705
drjosh.dev/jrouter/router.(*AURPPeer).Handle(0x0?, {0xbd2b70, 0x2028c06f5a00})
	/home/runner/work/jrouter/jrouter/router/aurp_peer.go:299 +0x54d fp=0x2028c11b9f88 sp=0x2028c11b9d30 pc=0x962d4d
drjosh.dev/jrouter/router.(*AURPPeerTable).RunAll.func1()
	/home/runner/work/jrouter/jrouter/router/aurp_peer_table.go:67 +0x1f fp=0x2028c11b9fb0 sp=0x2028c11b9f88 pc=0x96a61f
sync.(*WaitGroup).Go.func1()
	/opt/hostedtoolcache/go/1.26.4/x64/src/sync/waitgroup.go:258 +0x4a fp=0x2028c11b9fe0 sp=0x2028c11b9fb0 pc=0x4a01aa
runtime.goexit({})
	/opt/hostedtoolcache/go/1.26.4/x64/src/runtime/asm_amd64.s:1771 +0x1 fp=0x2028c11b9fe8 sp=0x2028c11b9fe0 pc=0x4950a1
created by sync.(*WaitGroup).Go in goroutine 1
	/opt/hostedtoolcache/go/1.26.4/x64/src/sync/waitgroup.go:238 +0x73

goroutine 356 gp=0x2028c105f4a0 m=nil [select]:
runtime.gopark(0x2028c1132eb8?, 0x5?, 0xa5?, 0x90?, 0x2028c1132d86?)
	/opt/hostedtoolcache/go/1.26.4/x64/src/runtime/proc.go:462 +0xce fp=0x2028c1132c00 sp=0x2028c1132be0 pc=0x48d62e
runtime.selectgo(0x2028c1132eb8, 0x2028c1132d7c, 0x2028c1129320?, 0x0, 0x0?, 0x1)
	/opt/hostedtoolcache/go/1.26.4/x64/src/runtime/select.go:351 +0xaa5 fp=0x2028c1132d30 sp=0x2028c1132c00 pc=0x46b705
drjosh.dev/jrouter/router.(*AURPPeer).Handle(0x0?, {0xbd2b70, 0x2028c06f5a00})
	/home/runner/work/jrouter/jrouter/router/aurp_peer.go:299 +0x54d fp=0x2028c1132f88 sp=0x2028c1132d30 pc=0x962d4d
drjosh.dev/jrouter/router.(*AURPPeerTable).RunAll.func1()
	/home/runner/work/jrouter/jrouter/router/aurp_peer_table.go:67 +0x1f fp=0x2028c1132fb0 sp=0x2028c1132f88 pc=0x96a61f
sync.(*WaitGroup).Go.func1()
	/opt/hostedtoolcache/go/1.26.4/x64/src/sync/waitgroup.go:258 +0x4a fp=0x2028c1132fe0 sp=0x2028c1132fb0 pc=0x4a01aa
runtime.goexit({})
	/opt/hostedtoolcache/go/1.26.4/x64/src/runtime/asm_amd64.s:1771 +0x1 fp=0x2028c1132fe8 sp=0x2028c1132fe0 pc=0x4950a1
created by sync.(*WaitGroup).Go in goroutine 1
	/opt/hostedtoolcache/go/1.26.4/x64/src/sync/waitgroup.go:238 +0x73

goroutine 357 gp=0x2028c105f680 m=nil [select]:
runtime.gopark(0x2028c113beb8?, 0x5?, 0xa5?, 0x90?, 0x2028c113bd86?)
	/opt/hostedtoolcache/go/1.26.4/x64/src/runtime/proc.go:462 +0xce fp=0x2028c113bc00 sp=0x2028c113bbe0 pc=0x48d62e
runtime.selectgo(0x2028c113beb8, 0x2028c113bd7c, 0x2028c1129440?, 0x0, 0x0?, 0x1)
	/opt/hostedtoolcache/go/1.26.4/x64/src/runtime/select.go:351 +0xaa5 fp=0x2028c113bd30 sp=0x2028c113bc00 pc=0x46b705
drjosh.dev/jrouter/router.(*AURPPeer).Handle(0x0?, {0xbd2b70, 0x2028c06f5a00})
	/home/runner/work/jrouter/jrouter/router/aurp_peer.go:299 +0x54d fp=0x2028c113bf88 sp=0x2028c113bd30 pc=0x962d4d
drjosh.dev/jrouter/router.(*AURPPeerTable).RunAll.func1()
	/home/runner/work/jrouter/jrouter/router/aurp_peer_table.go:67 +0x1f fp=0x2028c113bfb0 sp=0x2028c113bf88 pc=0x96a61f
sync.(*WaitGroup).Go.func1()
	/opt/hostedtoolcache/go/1.26.4/x64/src/sync/waitgroup.go:258 +0x4a fp=0x2028c113bfe0 sp=0x2028c113bfb0 pc=0x4a01aa
runtime.goexit({})
	/opt/hostedtoolcache/go/1.26.4/x64/src/runtime/asm_amd64.s:1771 +0x1 fp=0x2028c113bfe8 sp=0x2028c113bfe0 pc=0x4950a1
created by sync.(*WaitGroup).Go in goroutine 1
	/opt/hostedtoolcache/go/1.26.4/x64/src/sync/waitgroup.go:238 +0x73

goroutine 358 gp=0x2028c105f860 m=nil [select]:
runtime.gopark(0x2028c113ceb8?, 0x5?, 0xa5?, 0x90?, 0x2028c113cd86?)
	/opt/hostedtoolcache/go/1.26.4/x64/src/runtime/proc.go:462 +0xce fp=0x2028c113cc00 sp=0x2028c113cbe0 pc=0x48d62e
runtime.selectgo(0x2028c113ceb8, 0x2028c113cd7c, 0x2028c1129560?, 0x0, 0x0?, 0x1)
	/opt/hostedtoolcache/go/1.26.4/x64/src/runtime/select.go:351 +0xaa5 fp=0x2028c113cd30 sp=0x2028c113cc00 pc=0x46b705
drjosh.dev/jrouter/router.(*AURPPeer).Handle(0x0?, {0xbd2b70, 0x2028c06f5a00})
	/home/runner/work/jrouter/jrouter/router/aurp_peer.go:299 +0x54d fp=0x2028c113cf88 sp=0x2028c113cd30 pc=0x962d4d
drjosh.dev/jrouter/router.(*AURPPeerTable).RunAll.func1()
	/home/runner/work/jrouter/jrouter/router/aurp_peer_table.go:67 +0x1f fp=0x2028c113cfb0 sp=0x2028c113cf88 pc=0x96a61f
sync.(*WaitGroup).Go.func1()
	/opt/hostedtoolcache/go/1.26.4/x64/src/sync/waitgroup.go:258 +0x4a fp=0x2028c113cfe0 sp=0x2028c113cfb0 pc=0x4a01aa
runtime.goexit({})
	/opt/hostedtoolcache/go/1.26.4/x64/src/runtime/asm_amd64.s:1771 +0x1 fp=0x2028c113cfe8 sp=0x2028c113cfe0 pc=0x4950a1
created by sync.(*WaitGroup).Go in goroutine 1
	/opt/hostedtoolcache/go/1.26.4/x64/src/sync/waitgroup.go:238 +0x73

goroutine 359 gp=0x2028c105fa40 m=nil [select]:
runtime.gopark(0x2028c113deb8?, 0x5?, 0xa5?, 0x90?, 0x2028c113dd86?)
	/opt/hostedtoolcache/go/1.26.4/x64/src/runtime/proc.go:462 +0xce fp=0x2028c113dc00 sp=0x2028c113dbe0 pc=0x48d62e
runtime.selectgo(0x2028c113deb8, 0x2028c113dd7c, 0x2028c1129680?, 0x0, 0x0?, 0x1)
	/opt/hostedtoolcache/go/1.26.4/x64/src/runtime/select.go:351 +0xaa5 fp=0x2028c113dd30 sp=0x2028c113dc00 pc=0x46b705
drjosh.dev/jrouter/router.(*AURPPeer).Handle(0x0?, {0xbd2b70, 0x2028c06f5a00})
	/home/runner/work/jrouter/jrouter/router/aurp_peer.go:299 +0x54d fp=0x2028c113df88 sp=0x2028c113dd30 pc=0x962d4d
drjosh.dev/jrouter/router.(*AURPPeerTable).RunAll.func1()
	/home/runner/work/jrouter/jrouter/router/aurp_peer_table.go:67 +0x1f fp=0x2028c113dfb0 sp=0x2028c113df88 pc=0x96a61f
sync.(*WaitGroup).Go.func1()
	/opt/hostedtoolcache/go/1.26.4/x64/src/sync/waitgroup.go:258 +0x4a fp=0x2028c113dfe0 sp=0x2028c113dfb0 pc=0x4a01aa
runtime.goexit({})
	/opt/hostedtoolcache/go/1.26.4/x64/src/runtime/asm_amd64.s:1771 +0x1 fp=0x2028c113dfe8 sp=0x2028c113dfe0 pc=0x4950a1
created by sync.(*WaitGroup).Go in goroutine 1
	/opt/hostedtoolcache/go/1.26.4/x64/src/sync/waitgroup.go:238 +0x73

goroutine 360 gp=0x2028c105fc20 m=nil [select]:
runtime.gopark(0x2028c113eeb8?, 0x5?, 0xa5?, 0x90?, 0x2028c113ed86?)
	/opt/hostedtoolcache/go/1.26.4/x64/src/runtime/proc.go:462 +0xce fp=0x2028c113ec00 sp=0x2028c113ebe0 pc=0x48d62e
runtime.selectgo(0x2028c113eeb8, 0x2028c113ed7c, 0x2028c11297a0?, 0x0, 0x0?, 0x1)
	/opt/hostedtoolcache/go/1.26.4/x64/src/runtime/select.go:351 +0xaa5 fp=0x2028c113ed30 sp=0x2028c113ec00 pc=0x46b705
drjosh.dev/jrouter/router.(*AURPPeer).Handle(0x0?, {0xbd2b70, 0x2028c06f5a00})
	/home/runner/work/jrouter/jrouter/router/aurp_peer.go:299 +0x54d fp=0x2028c113ef88 sp=0x2028c113ed30 pc=0x962d4d
drjosh.dev/jrouter/router.(*AURPPeerTable).RunAll.func1()
	/home/runner/work/jrouter/jrouter/router/aurp_peer_table.go:67 +0x1f fp=0x2028c113efb0 sp=0x2028c113ef88 pc=0x96a61f
sync.(*WaitGroup).Go.func1()
	/opt/hostedtoolcache/go/1.26.4/x64/src/sync/waitgroup.go:258 +0x4a fp=0x2028c113efe0 sp=0x2028c113efb0 pc=0x4a01aa
runtime.goexit({})
	/opt/hostedtoolcache/go/1.26.4/x64/src/runtime/asm_amd64.s:1771 +0x1 fp=0x2028c113efe8 sp=0x2028c113efe0 pc=0x4950a1
created by sync.(*WaitGroup).Go in goroutine 1
	/opt/hostedtoolcache/go/1.26.4/x64/src/sync/waitgroup.go:238 +0x73

goroutine 361 gp=0x2028c1068000 m=nil [select]:
runtime.gopark(0x2028c114beb8?, 0x5?, 0xa5?, 0x90?, 0x2028c114bd86?)
	/opt/hostedtoolcache/go/1.26.4/x64/src/runtime/proc.go:462 +0xce fp=0x2028c114bc00 sp=0x2028c114bbe0 pc=0x48d62e
runtime.selectgo(0x2028c114beb8, 0x2028c114bd7c, 0x2028c11298c0?, 0x0, 0x0?, 0x1)
	/opt/hostedtoolcache/go/1.26.4/x64/src/runtime/select.go:351 +0xaa5 fp=0x2028c114bd30 sp=0x2028c114bc00 pc=0x46b705
drjosh.dev/jrouter/router.(*AURPPeer).Handle(0x0?, {0xbd2b70, 0x2028c06f5a00})
	/home/runner/work/jrouter/jrouter/router/aurp_peer.go:299 +0x54d fp=0x2028c114bf88 sp=0x2028c114bd30 pc=0x962d4d
drjosh.dev/jrouter/router.(*AURPPeerTable).RunAll.func1()
	/home/runner/work/jrouter/jrouter/router/aurp_peer_table.go:67 +0x1f fp=0x2028c114bfb0 sp=0x2028c114bf88 pc=0x96a61f
sync.(*WaitGroup).Go.func1()
	/opt/hostedtoolcache/go/1.26.4/x64/src/sync/waitgroup.go:258 +0x4a fp=0x2028c114bfe0 sp=0x2028c114bfb0 pc=0x4a01aa
runtime.goexit({})
	/opt/hostedtoolcache/go/1.26.4/x64/src/runtime/asm_amd64.s:1771 +0x1 fp=0x2028c114bfe8 sp=0x2028c114bfe0 pc=0x4950a1
created by sync.(*WaitGroup).Go in goroutine 1
	/opt/hostedtoolcache/go/1.26.4/x64/src/sync/waitgroup.go:238 +0x73

goroutine 362 gp=0x2028c10681e0 m=nil [select]:
runtime.gopark(0x2028c114ceb8?, 0x5?, 0xa5?, 0x90?, 0x2028c114cd86?)
	/opt/hostedtoolcache/go/1.26.4/x64/src/runtime/proc.go:462 +0xce fp=0x2028c114cc00 sp=0x2028c114cbe0 pc=0x48d62e
runtime.selectgo(0x2028c114ceb8, 0x2028c114cd7c, 0x2028c11299e0?, 0x0, 0x0?, 0x1)
	/opt/hostedtoolcache/go/1.26.4/x64/src/runtime/select.go:351 +0xaa5 fp=0x2028c114cd30 sp=0x2028c114cc00 pc=0x46b705
drjosh.dev/jrouter/router.(*AURPPeer).Handle(0x0?, {0xbd2b70, 0x2028c06f5a00})
	/home/runner/work/jrouter/jrouter/router/aurp_peer.go:299 +0x54d fp=0x2028c114cf88 sp=0x2028c114cd30 pc=0x962d4d
drjosh.dev/jrouter/router.(*AURPPeerTable).RunAll.func1()
	/home/runner/work/jrouter/jrouter/router/aurp_peer_table.go:67 +0x1f fp=0x2028c114cfb0 sp=0x2028c114cf88 pc=0x96a61f
sync.(*WaitGroup).Go.func1()
	/opt/hostedtoolcache/go/1.26.4/x64/src/sync/waitgroup.go:258 +0x4a fp=0x2028c114cfe0 sp=0x2028c114cfb0 pc=0x4a01aa
runtime.goexit({})
	/opt/hostedtoolcache/go/1.26.4/x64/src/runtime/asm_amd64.s:1771 +0x1 fp=0x2028c114cfe8 sp=0x2028c114cfe0 pc=0x4950a1
created by sync.(*WaitGroup).Go in goroutine 1
	/opt/hostedtoolcache/go/1.26.4/x64/src/sync/waitgroup.go:238 +0x73

goroutine 363 gp=0x2028c10683c0 m=nil [select]:
runtime.gopark(0x2028c114deb8?, 0x5?, 0xa5?, 0x90?, 0x2028c114dd86?)
	/opt/hostedtoolcache/go/1.26.4/x64/src/runtime/proc.go:462 +0xce fp=0x2028c114dc00 sp=0x2028c114dbe0 pc=0x48d62e
runtime.selectgo(0x2028c114deb8, 0x2028c114dd7c, 0x2028c1129b00?, 0x0, 0x0?, 0x1)
	/opt/hostedtoolcache/go/1.26.4/x64/src/runtime/select.go:351 +0xaa5 fp=0x2028c114dd30 sp=0x2028c114dc00 pc=0x46b705
drjosh.dev/jrouter/router.(*AURPPeer).Handle(0x0?, {0xbd2b70, 0x2028c06f5a00})
	/home/runner/work/jrouter/jrouter/router/aurp_peer.go:299 +0x54d fp=0x2028c114df88 sp=0x2028c114dd30 pc=0x962d4d
drjosh.dev/jrouter/router.(*AURPPeerTable).RunAll.func1()
	/home/runner/work/jrouter/jrouter/router/aurp_peer_table.go:67 +0x1f fp=0x2028c114dfb0 sp=0x2028c114df88 pc=0x96a61f
sync.(*WaitGroup).Go.func1()
	/opt/hostedtoolcache/go/1.26.4/x64/src/sync/waitgroup.go:258 +0x4a fp=0x2028c114dfe0 sp=0x2028c114dfb0 pc=0x4a01aa
runtime.goexit({})
	/opt/hostedtoolcache/go/1.26.4/x64/src/runtime/asm_amd64.s:1771 +0x1 fp=0x2028c114dfe8 sp=0x2028c114dfe0 pc=0x4950a1
created by sync.(*WaitGroup).Go in goroutine 1
	/opt/hostedtoolcache/go/1.26.4/x64/src/sync/waitgroup.go:238 +0x73

goroutine 364 gp=0x2028c10685a0 m=nil [select]:
runtime.gopark(0x2028c11bbeb8?, 0x5?, 0xa5?, 0x90?, 0x2028c11bbd86?)
	/opt/hostedtoolcache/go/1.26.4/x64/src/runtime/proc.go:462 +0xce fp=0x2028c11bbc00 sp=0x2028c11bbbe0 pc=0x48d62e
runtime.selectgo(0x2028c11bbeb8, 0x2028c11bbd7c, 0x2028c11f52c0?, 0x0, 0x0?, 0x1)
	/opt/hostedtoolcache/go/1.26.4/x64/src/runtime/select.go:351 +0xaa5 fp=0x2028c11bbd30 sp=0x2028c11bbc00 pc=0x46b705
drjosh.dev/jrouter/router.(*AURPPeer).Handle(0x0?, {0xbd2b70, 0x2028c06f5a00})
	/home/runner/work/jrouter/jrouter/router/aurp_peer.go:299 +0x54d fp=0x2028c11bbf88 sp=0x2028c11bbd30 pc=0x962d4d
drjosh.dev/jrouter/router.(*AURPPeerTable).RunAll.func1()
	/home/runner/work/jrouter/jrouter/router/aurp_peer_table.go:67 +0x1f fp=0x2028c11bbfb0 sp=0x2028c11bbf88 pc=0x96a61f
sync.(*WaitGroup).Go.func1()
	/opt/hostedtoolcache/go/1.26.4/x64/src/sync/waitgroup.go:258 +0x4a fp=0x2028c11bbfe0 sp=0x2028c11bbfb0 pc=0x4a01aa
runtime.goexit({})
	/opt/hostedtoolcache/go/1.26.4/x64/src/runtime/asm_amd64.s:1771 +0x1 fp=0x2028c11bbfe8 sp=0x2028c11bbfe0 pc=0x4950a1
created by sync.(*WaitGroup).Go in goroutine 1
	/opt/hostedtoolcache/go/1.26.4/x64/src/sync/waitgroup.go:238 +0x73

goroutine 365 gp=0x2028c1068780 m=nil [select]:
runtime.gopark(0x2028c1147eb8?, 0x5?, 0xa5?, 0x90?, 0x2028c1147d86?)
	/opt/hostedtoolcache/go/1.26.4/x64/src/runtime/proc.go:462 +0xce fp=0x2028c1147c00 sp=0x2028c1147be0 pc=0x48d62e
runtime.selectgo(0x2028c1147eb8, 0x2028c1147d7c, 0x2028c1129d40?, 0x0, 0x0?, 0x1)
	/opt/hostedtoolcache/go/1.26.4/x64/src/runtime/select.go:351 +0xaa5 fp=0x2028c1147d30 sp=0x2028c1147c00 pc=0x46b705
drjosh.dev/jrouter/router.(*AURPPeer).Handle(0x0?, {0xbd2b70, 0x2028c06f5a00})
	/home/runner/work/jrouter/jrouter/router/aurp_peer.go:299 +0x54d fp=0x2028c1147f88 sp=0x2028c1147d30 pc=0x962d4d
drjosh.dev/jrouter/router.(*AURPPeerTable).RunAll.func1()
	/home/runner/work/jrouter/jrouter/router/aurp_peer_table.go:67 +0x1f fp=0x2028c1147fb0 sp=0x2028c1147f88 pc=0x96a61f
sync.(*WaitGroup).Go.func1()
	/opt/hostedtoolcache/go/1.26.4/x64/src/sync/waitgroup.go:258 +0x4a fp=0x2028c1147fe0 sp=0x2028c1147fb0 pc=0x4a01aa
runtime.goexit({})
	/opt/hostedtoolcache/go/1.26.4/x64/src/runtime/asm_amd64.s:1771 +0x1 fp=0x2028c1147fe8 sp=0x2028c1147fe0 pc=0x4950a1
created by sync.(*WaitGroup).Go in goroutine 1
	/opt/hostedtoolcache/go/1.26.4/x64/src/sync/waitgroup.go:238 +0x73

goroutine 366 gp=0x2028c1068960 m=nil [select]:
runtime.gopark(0x2028c1148eb8?, 0x5?, 0xa5?, 0x90?, 0x2028c1148d86?)
	/opt/hostedtoolcache/go/1.26.4/x64/src/runtime/proc.go:462 +0xce fp=0x2028c1148c00 sp=0x2028c1148be0 pc=0x48d62e
runtime.selectgo(0x2028c1148eb8, 0x2028c1148d7c, 0x2028c1129e60?, 0x0, 0x0?, 0x1)
	/opt/hostedtoolcache/go/1.26.4/x64/src/runtime/select.go:351 +0xaa5 fp=0x2028c1148d30 sp=0x2028c1148c00 pc=0x46b705
drjosh.dev/jrouter/router.(*AURPPeer).Handle(0x0?, {0xbd2b70, 0x2028c06f5a00})
	/home/runner/work/jrouter/jrouter/router/aurp_peer.go:299 +0x54d fp=0x2028c1148f88 sp=0x2028c1148d30 pc=0x962d4d
drjosh.dev/jrouter/router.(*AURPPeerTable).RunAll.func1()
	/home/runner/work/jrouter/jrouter/router/aurp_peer_table.go:67 +0x1f fp=0x2028c1148fb0 sp=0x2028c1148f88 pc=0x96a61f
sync.(*WaitGroup).Go.func1()
	/opt/hostedtoolcache/go/1.26.4/x64/src/sync/waitgroup.go:258 +0x4a fp=0x2028c1148fe0 sp=0x2028c1148fb0 pc=0x4a01aa
runtime.goexit({})
	/opt/hostedtoolcache/go/1.26.4/x64/src/runtime/asm_amd64.s:1771 +0x1 fp=0x2028c1148fe8 sp=0x2028c1148fe0 pc=0x4950a1
created by sync.(*WaitGroup).Go in goroutine 1
	/opt/hostedtoolcache/go/1.26.4/x64/src/sync/waitgroup.go:238 +0x73

goroutine 367 gp=0x2028c1068b40 m=nil [select]:
runtime.gopark(0x2028c1149eb8?, 0x5?, 0xa5?, 0x90?, 0x2028c1149d86?)
	/opt/hostedtoolcache/go/1.26.4/x64/src/runtime/proc.go:462 +0xce fp=0x2028c1149c00 sp=0x2028c1149be0 pc=0x48d62e
runtime.selectgo(0x2028c1149eb8, 0x2028c1149d7c, 0x2028c11500c0?, 0x0, 0x0?, 0x1)
	/opt/hostedtoolcache/go/1.26.4/x64/src/runtime/select.go:351 +0xaa5 fp=0x2028c1149d30 sp=0x2028c1149c00 pc=0x46b705
drjosh.dev/jrouter/router.(*AURPPeer).Handle(0x0?, {0xbd2b70, 0x2028c06f5a00})
	/home/runner/work/jrouter/jrouter/router/aurp_peer.go:299 +0x54d fp=0x2028c1149f88 sp=0x2028c1149d30 pc=0x962d4d
drjosh.dev/jrouter/router.(*AURPPeerTable).RunAll.func1()
	/home/runner/work/jrouter/jrouter/router/aurp_peer_table.go:67 +0x1f fp=0x2028c1149fb0 sp=0x2028c1149f88 pc=0x96a61f
sync.(*WaitGroup).Go.func1()
	/opt/hostedtoolcache/go/1.26.4/x64/src/sync/waitgroup.go:258 +0x4a fp=0x2028c1149fe0 sp=0x2028c1149fb0 pc=0x4a01aa
runtime.goexit({})
	/opt/hostedtoolcache/go/1.26.4/x64/src/runtime/asm_amd64.s:1771 +0x1 fp=0x2028c1149fe8 sp=0x2028c1149fe0 pc=0x4950a1
created by sync.(*WaitGroup).Go in goroutine 1
	/opt/hostedtoolcache/go/1.26.4/x64/src/sync/waitgroup.go:238 +0x73

goroutine 368 gp=0x2028c1068d20 m=nil [select]:
runtime.gopark(0x2028c114aeb8?, 0x5?, 0xa5?, 0x90?, 0x2028c114ad86?)
	/opt/hostedtoolcache/go/1.26.4/x64/src/runtime/proc.go:462 +0xce fp=0x2028c114ac00 sp=0x2028c114abe0 pc=0x48d62e
runtime.selectgo(0x2028c114aeb8, 0x2028c114ad7c, 0x2028c11501e0?, 0x0, 0x0?, 0x1)
	/opt/hostedtoolcache/go/1.26.4/x64/src/runtime/select.go:351 +0xaa5 fp=0x2028c114ad30 sp=0x2028c114ac00 pc=0x46b705
drjosh.dev/jrouter/router.(*AURPPeer).Handle(0x0?, {0xbd2b70, 0x2028c06f5a00})
	/home/runner/work/jrouter/jrouter/router/aurp_peer.go:299 +0x54d fp=0x2028c114af88 sp=0x2028c114ad30 pc=0x962d4d
drjosh.dev/jrouter/router.(*AURPPeerTable).RunAll.func1()
	/home/runner/work/jrouter/jrouter/router/aurp_peer_table.go:67 +0x1f fp=0x2028c114afb0 sp=0x2028c114af88 pc=0x96a61f
sync.(*WaitGroup).Go.func1()
	/opt/hostedtoolcache/go/1.26.4/x64/src/sync/waitgroup.go:258 +0x4a fp=0x2028c114afe0 sp=0x2028c114afb0 pc=0x4a01aa
runtime.goexit({})
	/opt/hostedtoolcache/go/1.26.4/x64/src/runtime/asm_amd64.s:1771 +0x1 fp=0x2028c114afe8 sp=0x2028c114afe0 pc=0x4950a1
created by sync.(*WaitGroup).Go in goroutine 1
	/opt/hostedtoolcache/go/1.26.4/x64/src/sync/waitgroup.go:238 +0x73

goroutine 369 gp=0x2028c1068f00 m=nil [select]:
runtime.gopark(0x2028c1159eb8?, 0x5?, 0xa5?, 0x90?, 0x2028c1159d86?)
	/opt/hostedtoolcache/go/1.26.4/x64/src/runtime/proc.go:462 +0xce fp=0x2028c1159c00 sp=0x2028c1159be0 pc=0x48d62e
runtime.selectgo(0x2028c1159eb8, 0x2028c1159d7c, 0x2028c1150300?, 0x0, 0x0?, 0x1)
	/opt/hostedtoolcache/go/1.26.4/x64/src/runtime/select.go:351 +0xaa5 fp=0x2028c1159d30 sp=0x2028c1159c00 pc=0x46b705
drjosh.dev/jrouter/router.(*AURPPeer).Handle(0x0?, {0xbd2b70, 0x2028c06f5a00})
	/home/runner/work/jrouter/jrouter/router/aurp_peer.go:299 +0x54d fp=0x2028c1159f88 sp=0x2028c1159d30 pc=0x962d4d
drjosh.dev/jrouter/router.(*AURPPeerTable).RunAll.func1()
	/home/runner/work/jrouter/jrouter/router/aurp_peer_table.go:67 +0x1f fp=0x2028c1159fb0 sp=0x2028c1159f88 pc=0x96a61f
sync.(*WaitGroup).Go.func1()
	/opt/hostedtoolcache/go/1.26.4/x64/src/sync/waitgroup.go:258 +0x4a fp=0x2028c1159fe0 sp=0x2028c1159fb0 pc=0x4a01aa
runtime.goexit({})
	/opt/hostedtoolcache/go/1.26.4/x64/src/runtime/asm_amd64.s:1771 +0x1 fp=0x2028c1159fe8 sp=0x2028c1159fe0 pc=0x4950a1
created by sync.(*WaitGroup).Go in goroutine 1
	/opt/hostedtoolcache/go/1.26.4/x64/src/sync/waitgroup.go:238 +0x73

goroutine 370 gp=0x2028c10690e0 m=nil [select]:
runtime.gopark(0x2028c115aeb8?, 0x5?, 0xa5?, 0x90?, 0x2028c115ad86?)
	/opt/hostedtoolcache/go/1.26.4/x64/src/runtime/proc.go:462 +0xce fp=0x2028c115ac00 sp=0x2028c115abe0 pc=0x48d62e
runtime.selectgo(0x2028c115aeb8, 0x2028c115ad7c, 0x2028c1150420?, 0x0, 0x0?, 0x1)
	/opt/hostedtoolcache/go/1.26.4/x64/src/runtime/select.go:351 +0xaa5 fp=0x2028c115ad30 sp=0x2028c115ac00 pc=0x46b705
drjosh.dev/jrouter/router.(*AURPPeer).Handle(0x0?, {0xbd2b70, 0x2028c06f5a00})
	/home/runner/work/jrouter/jrouter/router/aurp_peer.go:299 +0x54d fp=0x2028c115af88 sp=0x2028c115ad30 pc=0x962d4d
drjosh.dev/jrouter/router.(*AURPPeerTable).RunAll.func1()
	/home/runner/work/jrouter/jrouter/router/aurp_peer_table.go:67 +0x1f fp=0x2028c115afb0 sp=0x2028c115af88 pc=0x96a61f
sync.(*WaitGroup).Go.func1()
	/opt/hostedtoolcache/go/1.26.4/x64/src/sync/waitgroup.go:258 +0x4a fp=0x2028c115afe0 sp=0x2028c115afb0 pc=0x4a01aa
runtime.goexit({})
	/opt/hostedtoolcache/go/1.26.4/x64/src/runtime/asm_amd64.s:1771 +0x1 fp=0x2028c115afe8 sp=0x2028c115afe0 pc=0x4950a1
created by sync.(*WaitGroup).Go in goroutine 1
	/opt/hostedtoolcache/go/1.26.4/x64/src/sync/waitgroup.go:238 +0x73

goroutine 371 gp=0x2028c10692c0 m=nil [select]:
runtime.gopark(0x2028c115beb8?, 0x5?, 0xa5?, 0x90?, 0x2028c115bd86?)
	/opt/hostedtoolcache/go/1.26.4/x64/src/runtime/proc.go:462 +0xce fp=0x2028c115bc00 sp=0x2028c115bbe0 pc=0x48d62e
runtime.selectgo(0x2028c115beb8, 0x2028c115bd7c, 0x2028c1150540?, 0x0, 0x0?, 0x1)
	/opt/hostedtoolcache/go/1.26.4/x64/src/runtime/select.go:351 +0xaa5 fp=0x2028c115bd30 sp=0x2028c115bc00 pc=0x46b705
drjosh.dev/jrouter/router.(*AURPPeer).Handle(0x0?, {0xbd2b70, 0x2028c06f5a00})
	/home/runner/work/jrouter/jrouter/router/aurp_peer.go:299 +0x54d fp=0x2028c115bf88 sp=0x2028c115bd30 pc=0x962d4d
drjosh.dev/jrouter/router.(*AURPPeerTable).RunAll.func1()
	/home/runner/work/jrouter/jrouter/router/aurp_peer_table.go:67 +0x1f fp=0x2028c115bfb0 sp=0x2028c115bf88 pc=0x96a61f
sync.(*WaitGroup).Go.func1()
	/opt/hostedtoolcache/go/1.26.4/x64/src/sync/waitgroup.go:258 +0x4a fp=0x2028c115bfe0 sp=0x2028c115bfb0 pc=0x4a01aa
runtime.goexit({})
	/opt/hostedtoolcache/go/1.26.4/x64/src/runtime/asm_amd64.s:1771 +0x1 fp=0x2028c115bfe8 sp=0x2028c115bfe0 pc=0x4950a1
created by sync.(*WaitGroup).Go in goroutine 1
	/opt/hostedtoolcache/go/1.26.4/x64/src/sync/waitgroup.go:238 +0x73

goroutine 372 gp=0x2028c10694a0 m=nil [select]:
runtime.gopark(0x2028c1146eb8?, 0x5?, 0xa5?, 0x90?, 0x2028c1146d86?)
	/opt/hostedtoolcache/go/1.26.4/x64/src/runtime/proc.go:462 +0xce fp=0x2028c1146c00 sp=0x2028c1146be0 pc=0x48d62e
runtime.selectgo(0x2028c1146eb8, 0x2028c1146d7c, 0x2028c1150660?, 0x0, 0x0?, 0x1)
	/opt/hostedtoolcache/go/1.26.4/x64/src/runtime/select.go:351 +0xaa5 fp=0x2028c1146d30 sp=0x2028c1146c00 pc=0x46b705
drjosh.dev/jrouter/router.(*AURPPeer).Handle(0x0?, {0xbd2b70, 0x2028c06f5a00})
	/home/runner/work/jrouter/jrouter/router/aurp_peer.go:299 +0x54d fp=0x2028c1146f88 sp=0x2028c1146d30 pc=0x962d4d
drjosh.dev/jrouter/router.(*AURPPeerTable).RunAll.func1()
	/home/runner/work/jrouter/jrouter/router/aurp_peer_table.go:67 +0x1f fp=0x2028c1146fb0 sp=0x2028c1146f88 pc=0x96a61f
sync.(*WaitGroup).Go.func1()
	/opt/hostedtoolcache/go/1.26.4/x64/src/sync/waitgroup.go:258 +0x4a fp=0x2028c1146fe0 sp=0x2028c1146fb0 pc=0x4a01aa
runtime.goexit({})
	/opt/hostedtoolcache/go/1.26.4/x64/src/runtime/asm_amd64.s:1771 +0x1 fp=0x2028c1146fe8 sp=0x2028c1146fe0 pc=0x4950a1
created by sync.(*WaitGroup).Go in goroutine 1
	/opt/hostedtoolcache/go/1.26.4/x64/src/sync/waitgroup.go:238 +0x73

goroutine 373 gp=0x2028c1069680 m=nil [select]:
runtime.gopark(0x2028c1155eb8?, 0x5?, 0xa5?, 0x90?, 0x2028c1155d86?)
	/opt/hostedtoolcache/go/1.26.4/x64/src/runtime/proc.go:462 +0xce fp=0x2028c1155c00 sp=0x2028c1155be0 pc=0x48d62e
runtime.selectgo(0x2028c1155eb8, 0x2028c1155d7c, 0x2028c1150780?, 0x0, 0x0?, 0x1)
	/opt/hostedtoolcache/go/1.26.4/x64/src/runtime/select.go:351 +0xaa5 fp=0x2028c1155d30 sp=0x2028c1155c00 pc=0x46b705
drjosh.dev/jrouter/router.(*AURPPeer).Handle(0x0?, {0xbd2b70, 0x2028c06f5a00})
	/home/runner/work/jrouter/jrouter/router/aurp_peer.go:299 +0x54d fp=0x2028c1155f88 sp=0x2028c1155d30 pc=0x962d4d
drjosh.dev/jrouter/router.(*AURPPeerTable).RunAll.func1()
	/home/runner/work/jrouter/jrouter/router/aurp_peer_table.go:67 +0x1f fp=0x2028c1155fb0 sp=0x2028c1155f88 pc=0x96a61f
sync.(*WaitGroup).Go.func1()
	/opt/hostedtoolcache/go/1.26.4/x64/src/sync/waitgroup.go:258 +0x4a fp=0x2028c1155fe0 sp=0x2028c1155fb0 pc=0x4a01aa
runtime.goexit({})
	/opt/hostedtoolcache/go/1.26.4/x64/src/runtime/asm_amd64.s:1771 +0x1 fp=0x2028c1155fe8 sp=0x2028c1155fe0 pc=0x4950a1
created by sync.(*WaitGroup).Go in goroutine 1
	/opt/hostedtoolcache/go/1.26.4/x64/src/sync/waitgroup.go:238 +0x73

goroutine 374 gp=0x2028c1069860 m=nil [select]:
runtime.gopark(0x2028c1156eb8?, 0x5?, 0xa5?, 0x90?, 0x2028c1156d86?)
	/opt/hostedtoolcache/go/1.26.4/x64/src/runtime/proc.go:462 +0xce fp=0x2028c1156c00 sp=0x2028c1156be0 pc=0x48d62e
runtime.selectgo(0x2028c1156eb8, 0x2028c1156d7c, 0x2028c11508a0?, 0x0, 0x0?, 0x1)
	/opt/hostedtoolcache/go/1.26.4/x64/src/runtime/select.go:351 +0xaa5 fp=0x2028c1156d30 sp=0x2028c1156c00 pc=0x46b705
drjosh.dev/jrouter/router.(*AURPPeer).Handle(0x0?, {0xbd2b70, 0x2028c06f5a00})
	/home/runner/work/jrouter/jrouter/router/aurp_peer.go:299 +0x54d fp=0x2028c1156f88 sp=0x2028c1156d30 pc=0x962d4d
drjosh.dev/jrouter/router.(*AURPPeerTable).RunAll.func1()
	/home/runner/work/jrouter/jrouter/router/aurp_peer_table.go:67 +0x1f fp=0x2028c1156fb0 sp=0x2028c1156f88 pc=0x96a61f
sync.(*WaitGroup).Go.func1()
	/opt/hostedtoolcache/go/1.26.4/x64/src/sync/waitgroup.go:258 +0x4a fp=0x2028c1156fe0 sp=0x2028c1156fb0 pc=0x4a01aa
runtime.goexit({})
	/opt/hostedtoolcache/go/1.26.4/x64/src/runtime/asm_amd64.s:1771 +0x1 fp=0x2028c1156fe8 sp=0x2028c1156fe0 pc=0x4950a1
created by sync.(*WaitGroup).Go in goroutine 1
	/opt/hostedtoolcache/go/1.26.4/x64/src/sync/waitgroup.go:238 +0x73

goroutine 375 gp=0x2028c1069a40 m=nil [select]:
runtime.gopark(0x2028c1157eb8?, 0x5?, 0xa5?, 0x90?, 0x2028c1157d86?)
	/opt/hostedtoolcache/go/1.26.4/x64/src/runtime/proc.go:462 +0xce fp=0x2028c1157c00 sp=0x2028c1157be0 pc=0x48d62e
runtime.selectgo(0x2028c1157eb8, 0x2028c1157d7c, 0x2028c11509c0?, 0x0, 0x0?, 0x1)
	/opt/hostedtoolcache/go/1.26.4/x64/src/runtime/select.go:351 +0xaa5 fp=0x2028c1157d30 sp=0x2028c1157c00 pc=0x46b705
drjosh.dev/jrouter/router.(*AURPPeer).Handle(0x0?, {0xbd2b70, 0x2028c06f5a00})
	/home/runner/work/jrouter/jrouter/router/aurp_peer.go:299 +0x54d fp=0x2028c1157f88 sp=0x2028c1157d30 pc=0x962d4d
drjosh.dev/jrouter/router.(*AURPPeerTable).RunAll.func1()
	/home/runner/work/jrouter/jrouter/router/aurp_peer_table.go:67 +0x1f fp=0x2028c1157fb0 sp=0x2028c1157f88 pc=0x96a61f
sync.(*WaitGroup).Go.func1()
	/opt/hostedtoolcache/go/1.26.4/x64/src/sync/waitgroup.go:258 +0x4a fp=0x2028c1157fe0 sp=0x2028c1157fb0 pc=0x4a01aa
runtime.goexit({})
	/opt/hostedtoolcache/go/1.26.4/x64/src/runtime/asm_amd64.s:1771 +0x1 fp=0x2028c1157fe8 sp=0x2028c1157fe0 pc=0x4950a1
created by sync.(*WaitGroup).Go in goroutine 1
	/opt/hostedtoolcache/go/1.26.4/x64/src/sync/waitgroup.go:238 +0x73

goroutine 376 gp=0x2028c1069c20 m=nil [select]:
runtime.gopark(0x2028c1158eb8?, 0x5?, 0xa5?, 0x90?, 0x2028c1158d86?)
	/opt/hostedtoolcache/go/1.26.4/x64/src/runtime/proc.go:462 +0xce fp=0x2028c1158c00 sp=0x2028c1158be0 pc=0x48d62e
runtime.selectgo(0x2028c1158eb8, 0x2028c1158d7c, 0x2028c1150ae0?, 0x0, 0x0?, 0x1)
	/opt/hostedtoolcache/go/1.26.4/x64/src/runtime/select.go:351 +0xaa5 fp=0x2028c1158d30 sp=0x2028c1158c00 pc=0x46b705
drjosh.dev/jrouter/router.(*AURPPeer).Handle(0x0?, {0xbd2b70, 0x2028c06f5a00})
	/home/runner/work/jrouter/jrouter/router/aurp_peer.go:299 +0x54d fp=0x2028c1158f88 sp=0x2028c1158d30 pc=0x962d4d
drjosh.dev/jrouter/router.(*AURPPeerTable).RunAll.func1()
	/home/runner/work/jrouter/jrouter/router/aurp_peer_table.go:67 +0x1f fp=0x2028c1158fb0 sp=0x2028c1158f88 pc=0x96a61f
sync.(*WaitGroup).Go.func1()
	/opt/hostedtoolcache/go/1.26.4/x64/src/sync/waitgroup.go:258 +0x4a fp=0x2028c1158fe0 sp=0x2028c1158fb0 pc=0x4a01aa
runtime.goexit({})
	/opt/hostedtoolcache/go/1.26.4/x64/src/runtime/asm_amd64.s:1771 +0x1 fp=0x2028c1158fe8 sp=0x2028c1158fe0 pc=0x4950a1
created by sync.(*WaitGroup).Go in goroutine 1
	/opt/hostedtoolcache/go/1.26.4/x64/src/sync/waitgroup.go:238 +0x73

goroutine 377 gp=0x2028c1072000 m=nil [select]:
runtime.gopark(0x2028c1163eb8?, 0x5?, 0xa5?, 0x90?, 0x2028c1163d86?)
	/opt/hostedtoolcache/go/1.26.4/x64/src/runtime/proc.go:462 +0xce fp=0x2028c1163c00 sp=0x2028c1163be0 pc=0x48d62e
runtime.selectgo(0x2028c1163eb8, 0x2028c1163d7c, 0x2028c1150c00?, 0x0, 0x0?, 0x1)
	/opt/hostedtoolcache/go/1.26.4/x64/src/runtime/select.go:351 +0xaa5 fp=0x2028c1163d30 sp=0x2028c1163c00 pc=0x46b705
drjosh.dev/jrouter/router.(*AURPPeer).Handle(0x0?, {0xbd2b70, 0x2028c06f5a00})
	/home/runner/work/jrouter/jrouter/router/aurp_peer.go:299 +0x54d fp=0x2028c1163f88 sp=0x2028c1163d30 pc=0x962d4d
drjosh.dev/jrouter/router.(*AURPPeerTable).RunAll.func1()
	/home/runner/work/jrouter/jrouter/router/aurp_peer_table.go:67 +0x1f fp=0x2028c1163fb0 sp=0x2028c1163f88 pc=0x96a61f
sync.(*WaitGroup).Go.func1()
	/opt/hostedtoolcache/go/1.26.4/x64/src/sync/waitgroup.go:258 +0x4a fp=0x2028c1163fe0 sp=0x2028c1163fb0 pc=0x4a01aa
runtime.goexit({})
	/opt/hostedtoolcache/go/1.26.4/x64/src/runtime/asm_amd64.s:1771 +0x1 fp=0x2028c1163fe8 sp=0x2028c1163fe0 pc=0x4950a1
created by sync.(*WaitGroup).Go in goroutine 1
	/opt/hostedtoolcache/go/1.26.4/x64/src/sync/waitgroup.go:238 +0x73

goroutine 378 gp=0x2028c10721e0 m=nil [select]:
runtime.gopark(0x2028c1164eb8?, 0x5?, 0xa5?, 0x90?, 0x2028c1164d86?)
	/opt/hostedtoolcache/go/1.26.4/x64/src/runtime/proc.go:462 +0xce fp=0x2028c1164c00 sp=0x2028c1164be0 pc=0x48d62e
runtime.selectgo(0x2028c1164eb8, 0x2028c1164d7c, 0x2028c1150d20?, 0x0, 0x0?, 0x1)
	/opt/hostedtoolcache/go/1.26.4/x64/src/runtime/select.go:351 +0xaa5 fp=0x2028c1164d30 sp=0x2028c1164c00 pc=0x46b705
drjosh.dev/jrouter/router.(*AURPPeer).Handle(0x0?, {0xbd2b70, 0x2028c06f5a00})
	/home/runner/work/jrouter/jrouter/router/aurp_peer.go:299 +0x54d fp=0x2028c1164f88 sp=0x2028c1164d30 pc=0x962d4d
drjosh.dev/jrouter/router.(*AURPPeerTable).RunAll.func1()
	/home/runner/work/jrouter/jrouter/router/aurp_peer_table.go:67 +0x1f fp=0x2028c1164fb0 sp=0x2028c1164f88 pc=0x96a61f
sync.(*WaitGroup).Go.func1()
	/opt/hostedtoolcache/go/1.26.4/x64/src/sync/waitgroup.go:258 +0x4a fp=0x2028c1164fe0 sp=0x2028c1164fb0 pc=0x4a01aa
runtime.goexit({})
	/opt/hostedtoolcache/go/1.26.4/x64/src/runtime/asm_amd64.s:1771 +0x1 fp=0x2028c1164fe8 sp=0x2028c1164fe0 pc=0x4950a1
created by sync.(*WaitGroup).Go in goroutine 1
	/opt/hostedtoolcache/go/1.26.4/x64/src/sync/waitgroup.go:238 +0x73

goroutine 379 gp=0x2028c10723c0 m=nil [select]:
runtime.gopark(0x2028c1165eb8?, 0x5?, 0xa5?, 0x90?, 0x2028c1165d86?)
	/opt/hostedtoolcache/go/1.26.4/x64/src/runtime/proc.go:462 +0xce fp=0x2028c1165c00 sp=0x2028c1165be0 pc=0x48d62e
runtime.selectgo(0x2028c1165eb8, 0x2028c1165d7c, 0x2028c1150e40?, 0x0, 0x0?, 0x1)
	/opt/hostedtoolcache/go/1.26.4/x64/src/runtime/select.go:351 +0xaa5 fp=0x2028c1165d30 sp=0x2028c1165c00 pc=0x46b705
drjosh.dev/jrouter/router.(*AURPPeer).Handle(0x0?, {0xbd2b70, 0x2028c06f5a00})
	/home/runner/work/jrouter/jrouter/router/aurp_peer.go:299 +0x54d fp=0x2028c1165f88 sp=0x2028c1165d30 pc=0x962d4d
drjosh.dev/jrouter/router.(*AURPPeerTable).RunAll.func1()
	/home/runner/work/jrouter/jrouter/router/aurp_peer_table.go:67 +0x1f fp=0x2028c1165fb0 sp=0x2028c1165f88 pc=0x96a61f
sync.(*WaitGroup).Go.func1()
	/opt/hostedtoolcache/go/1.26.4/x64/src/sync/waitgroup.go:258 +0x4a fp=0x2028c1165fe0 sp=0x2028c1165fb0 pc=0x4a01aa
runtime.goexit({})
	/opt/hostedtoolcache/go/1.26.4/x64/src/runtime/asm_amd64.s:1771 +0x1 fp=0x2028c1165fe8 sp=0x2028c1165fe0 pc=0x4950a1
created by sync.(*WaitGroup).Go in goroutine 1
	/opt/hostedtoolcache/go/1.26.4/x64/src/sync/waitgroup.go:238 +0x73

goroutine 380 gp=0x2028c10725a0 m=nil [select]:
runtime.gopark(0x2028c1154eb8?, 0x5?, 0xa5?, 0x90?, 0x2028c1154d86?)
	/opt/hostedtoolcache/go/1.26.4/x64/src/runtime/proc.go:462 +0xce fp=0x2028c1154c00 sp=0x2028c1154be0 pc=0x48d62e
runtime.selectgo(0x2028c1154eb8, 0x2028c1154d7c, 0x2028c1150f60?, 0x0, 0x0?, 0x1)
	/opt/hostedtoolcache/go/1.26.4/x64/src/runtime/select.go:351 +0xaa5 fp=0x2028c1154d30 sp=0x2028c1154c00 pc=0x46b705
drjosh.dev/jrouter/router.(*AURPPeer).Handle(0x0?, {0xbd2b70, 0x2028c06f5a00})
	/home/runner/work/jrouter/jrouter/router/aurp_peer.go:299 +0x54d fp=0x2028c1154f88 sp=0x2028c1154d30 pc=0x962d4d
drjosh.dev/jrouter/router.(*AURPPeerTable).RunAll.func1()
	/home/runner/work/jrouter/jrouter/router/aurp_peer_table.go:67 +0x1f fp=0x2028c1154fb0 sp=0x2028c1154f88 pc=0x96a61f
sync.(*WaitGroup).Go.func1()
	/opt/hostedtoolcache/go/1.26.4/x64/src/sync/waitgroup.go:258 +0x4a fp=0x2028c1154fe0 sp=0x2028c1154fb0 pc=0x4a01aa
runtime.goexit({})
	/opt/hostedtoolcache/go/1.26.4/x64/src/runtime/asm_amd64.s:1771 +0x1 fp=0x2028c1154fe8 sp=0x2028c1154fe0 pc=0x4950a1
created by sync.(*WaitGroup).Go in goroutine 1
	/opt/hostedtoolcache/go/1.26.4/x64/src/sync/waitgroup.go:238 +0x73

goroutine 381 gp=0x2028c1072780 m=nil [select]:
runtime.gopark(0x2028c115feb8?, 0x5?, 0xa5?, 0x90?, 0x2028c115fd86?)
	/opt/hostedtoolcache/go/1.26.4/x64/src/runtime/proc.go:462 +0xce fp=0x2028c115fc00 sp=0x2028c115fbe0 pc=0x48d62e
runtime.selectgo(0x2028c115feb8, 0x2028c115fd7c, 0x2028c1151080?, 0x0, 0x0?, 0x1)
	/opt/hostedtoolcache/go/1.26.4/x64/src/runtime/select.go:351 +0xaa5 fp=0x2028c115fd30 sp=0x2028c115fc00 pc=0x46b705
drjosh.dev/jrouter/router.(*AURPPeer).Handle(0x0?, {0xbd2b70, 0x2028c06f5a00})
	/home/runner/work/jrouter/jrouter/router/aurp_peer.go:299 +0x54d fp=0x2028c115ff88 sp=0x2028c115fd30 pc=0x962d4d
drjosh.dev/jrouter/router.(*AURPPeerTable).RunAll.func1()
	/home/runner/work/jrouter/jrouter/router/aurp_peer_table.go:67 +0x1f fp=0x2028c115ffb0 sp=0x2028c115ff88 pc=0x96a61f
sync.(*WaitGroup).Go.func1()
	/opt/hostedtoolcache/go/1.26.4/x64/src/sync/waitgroup.go:258 +0x4a fp=0x2028c115ffe0 sp=0x2028c115ffb0 pc=0x4a01aa
runtime.goexit({})
	/opt/hostedtoolcache/go/1.26.4/x64/src/runtime/asm_amd64.s:1771 +0x1 fp=0x2028c115ffe8 sp=0x2028c115ffe0 pc=0x4950a1
created by sync.(*WaitGroup).Go in goroutine 1
	/opt/hostedtoolcache/go/1.26.4/x64/src/sync/waitgroup.go:238 +0x73

goroutine 382 gp=0x2028c1072960 m=nil [select]:
runtime.gopark(0x2028c1160eb8?, 0x5?, 0xa5?, 0x90?, 0x2028c1160d86?)
	/opt/hostedtoolcache/go/1.26.4/x64/src/runtime/proc.go:462 +0xce fp=0x2028c1160c00 sp=0x2028c1160be0 pc=0x48d62e
runtime.selectgo(0x2028c1160eb8, 0x2028c1160d7c, 0x2028c11511a0?, 0x0, 0x0?, 0x1)
	/opt/hostedtoolcache/go/1.26.4/x64/src/runtime/select.go:351 +0xaa5 fp=0x2028c1160d30 sp=0x2028c1160c00 pc=0x46b705
drjosh.dev/jrouter/router.(*AURPPeer).Handle(0x0?, {0xbd2b70, 0x2028c06f5a00})
	/home/runner/work/jrouter/jrouter/router/aurp_peer.go:299 +0x54d fp=0x2028c1160f88 sp=0x2028c1160d30 pc=0x962d4d
drjosh.dev/jrouter/router.(*AURPPeerTable).RunAll.func1()
	/home/runner/work/jrouter/jrouter/router/aurp_peer_table.go:67 +0x1f fp=0x2028c1160fb0 sp=0x2028c1160f88 pc=0x96a61f
sync.(*WaitGroup).Go.func1()
	/opt/hostedtoolcache/go/1.26.4/x64/src/sync/waitgroup.go:258 +0x4a fp=0x2028c1160fe0 sp=0x2028c1160fb0 pc=0x4a01aa
runtime.goexit({})
	/opt/hostedtoolcache/go/1.26.4/x64/src/runtime/asm_amd64.s:1771 +0x1 fp=0x2028c1160fe8 sp=0x2028c1160fe0 pc=0x4950a1
created by sync.(*WaitGroup).Go in goroutine 1
	/opt/hostedtoolcache/go/1.26.4/x64/src/sync/waitgroup.go:238 +0x73

goroutine 383 gp=0x2028c1072b40 m=nil [select]:
runtime.gopark(0x2028c1161eb8?, 0x5?, 0xa5?, 0x90?, 0x2028c1161d86?)
	/opt/hostedtoolcache/go/1.26.4/x64/src/runtime/proc.go:462 +0xce fp=0x2028c1161c00 sp=0x2028c1161be0 pc=0x48d62e
runtime.selectgo(0x2028c1161eb8, 0x2028c1161d7c, 0x2028c11512c0?, 0x0, 0x0?, 0x1)
	/opt/hostedtoolcache/go/1.26.4/x64/src/runtime/select.go:351 +0xaa5 fp=0x2028c1161d30 sp=0x2028c1161c00 pc=0x46b705
drjosh.dev/jrouter/router.(*AURPPeer).Handle(0x0?, {0xbd2b70, 0x2028c06f5a00})
	/home/runner/work/jrouter/jrouter/router/aurp_peer.go:299 +0x54d fp=0x2028c1161f88 sp=0x2028c1161d30 pc=0x962d4d
drjosh.dev/jrouter/router.(*AURPPeerTable).RunAll.func1()
	/home/runner/work/jrouter/jrouter/router/aurp_peer_table.go:67 +0x1f fp=0x2028c1161fb0 sp=0x2028c1161f88 pc=0x96a61f
sync.(*WaitGroup).Go.func1()
	/opt/hostedtoolcache/go/1.26.4/x64/src/sync/waitgroup.go:258 +0x4a fp=0x2028c1161fe0 sp=0x2028c1161fb0 pc=0x4a01aa
runtime.goexit({})
	/opt/hostedtoolcache/go/1.26.4/x64/src/runtime/asm_amd64.s:1771 +0x1 fp=0x2028c1161fe8 sp=0x2028c1161fe0 pc=0x4950a1
created by sync.(*WaitGroup).Go in goroutine 1
	/opt/hostedtoolcache/go/1.26.4/x64/src/sync/waitgroup.go:238 +0x73

goroutine 384 gp=0x2028c1072d20 m=nil [select]:
runtime.gopark(0x2028c1162eb8?, 0x5?, 0xa5?, 0x90?, 0x2028c1162d86?)
	/opt/hostedtoolcache/go/1.26.4/x64/src/runtime/proc.go:462 +0xce fp=0x2028c1162c00 sp=0x2028c1162be0 pc=0x48d62e
runtime.selectgo(0x2028c1162eb8, 0x2028c1162d7c, 0x2028c11513e0?, 0x0, 0x0?, 0x1)
	/opt/hostedtoolcache/go/1.26.4/x64/src/runtime/select.go:351 +0xaa5 fp=0x2028c1162d30 sp=0x2028c1162c00 pc=0x46b705
drjosh.dev/jrouter/router.(*AURPPeer).Handle(0x0?, {0xbd2b70, 0x2028c06f5a00})
	/home/runner/work/jrouter/jrouter/router/aurp_peer.go:299 +0x54d fp=0x2028c1162f88 sp=0x2028c1162d30 pc=0x962d4d
drjosh.dev/jrouter/router.(*AURPPeerTable).RunAll.func1()
	/home/runner/work/jrouter/jrouter/router/aurp_peer_table.go:67 +0x1f fp=0x2028c1162fb0 sp=0x2028c1162f88 pc=0x96a61f
sync.(*WaitGroup).Go.func1()
	/opt/hostedtoolcache/go/1.26.4/x64/src/sync/waitgroup.go:258 +0x4a fp=0x2028c1162fe0 sp=0x2028c1162fb0 pc=0x4a01aa
runtime.goexit({})
	/opt/hostedtoolcache/go/1.26.4/x64/src/runtime/asm_amd64.s:1771 +0x1 fp=0x2028c1162fe8 sp=0x2028c1162fe0 pc=0x4950a1
created by sync.(*WaitGroup).Go in goroutine 1
	/opt/hostedtoolcache/go/1.26.4/x64/src/sync/waitgroup.go:238 +0x73

goroutine 385 gp=0x2028c1072f00 m=nil [select]:
runtime.gopark(0x2028c1171eb8?, 0x5?, 0xa5?, 0x90?, 0x2028c1171d86?)
	/opt/hostedtoolcache/go/1.26.4/x64/src/runtime/proc.go:462 +0xce fp=0x2028c1171c00 sp=0x2028c1171be0 pc=0x48d62e
runtime.selectgo(0x2028c1171eb8, 0x2028c1171d7c, 0x2028c1151500?, 0x0, 0x0?, 0x1)
	/opt/hostedtoolcache/go/1.26.4/x64/src/runtime/select.go:351 +0xaa5 fp=0x2028c1171d30 sp=0x2028c1171c00 pc=0x46b705
drjosh.dev/jrouter/router.(*AURPPeer).Handle(0x0?, {0xbd2b70, 0x2028c06f5a00})
	/home/runner/work/jrouter/jrouter/router/aurp_peer.go:299 +0x54d fp=0x2028c1171f88 sp=0x2028c1171d30 pc=0x962d4d
drjosh.dev/jrouter/router.(*AURPPeerTable).RunAll.func1()
	/home/runner/work/jrouter/jrouter/router/aurp_peer_table.go:67 +0x1f fp=0x2028c1171fb0 sp=0x2028c1171f88 pc=0x96a61f
sync.(*WaitGroup).Go.func1()
	/opt/hostedtoolcache/go/1.26.4/x64/src/sync/waitgroup.go:258 +0x4a fp=0x2028c1171fe0 sp=0x2028c1171fb0 pc=0x4a01aa
runtime.goexit({})
	/opt/hostedtoolcache/go/1.26.4/x64/src/runtime/asm_amd64.s:1771 +0x1 fp=0x2028c1171fe8 sp=0x2028c1171fe0 pc=0x4950a1
created by sync.(*WaitGroup).Go in goroutine 1
	/opt/hostedtoolcache/go/1.26.4/x64/src/sync/waitgroup.go:238 +0x73

goroutine 386 gp=0x2028c10730e0 m=nil [select]:
runtime.gopark(0x2028c1172eb8?, 0x5?, 0xa5?, 0x90?, 0x2028c1172d86?)
	/opt/hostedtoolcache/go/1.26.4/x64/src/runtime/proc.go:462 +0xce fp=0x2028c1172c00 sp=0x2028c1172be0 pc=0x48d62e
runtime.selectgo(0x2028c1172eb8, 0x2028c1172d7c, 0x2028c1151620?, 0x0, 0x0?, 0x1)
	/opt/hostedtoolcache/go/1.26.4/x64/src/runtime/select.go:351 +0xaa5 fp=0x2028c1172d30 sp=0x2028c1172c00 pc=0x46b705
drjosh.dev/jrouter/router.(*AURPPeer).Handle(0x0?, {0xbd2b70, 0x2028c06f5a00})
	/home/runner/work/jrouter/jrouter/router/aurp_peer.go:299 +0x54d fp=0x2028c1172f88 sp=0x2028c1172d30 pc=0x962d4d
drjosh.dev/jrouter/router.(*AURPPeerTable).RunAll.func1()
	/home/runner/work/jrouter/jrouter/router/aurp_peer_table.go:67 +0x1f fp=0x2028c1172fb0 sp=0x2028c1172f88 pc=0x96a61f
sync.(*WaitGroup).Go.func1()
	/opt/hostedtoolcache/go/1.26.4/x64/src/sync/waitgroup.go:258 +0x4a fp=0x2028c1172fe0 sp=0x2028c1172fb0 pc=0x4a01aa
runtime.goexit({})
	/opt/hostedtoolcache/go/1.26.4/x64/src/runtime/asm_amd64.s:1771 +0x1 fp=0x2028c1172fe8 sp=0x2028c1172fe0 pc=0x4950a1
created by sync.(*WaitGroup).Go in goroutine 1
	/opt/hostedtoolcache/go/1.26.4/x64/src/sync/waitgroup.go:238 +0x73

goroutine 387 gp=0x2028c10732c0 m=nil [select]:
runtime.gopark(0x2028c1173eb8?, 0x5?, 0xa5?, 0x90?, 0x2028c1173d86?)
	/opt/hostedtoolcache/go/1.26.4/x64/src/runtime/proc.go:462 +0xce fp=0x2028c1173c00 sp=0x2028c1173be0 pc=0x48d62e
runtime.selectgo(0x2028c1173eb8, 0x2028c1173d7c, 0x2028c1151740?, 0x0, 0x0?, 0x1)
	/opt/hostedtoolcache/go/1.26.4/x64/src/runtime/select.go:351 +0xaa5 fp=0x2028c1173d30 sp=0x2028c1173c00 pc=0x46b705
drjosh.dev/jrouter/router.(*AURPPeer).Handle(0x0?, {0xbd2b70, 0x2028c06f5a00})
	/home/runner/work/jrouter/jrouter/router/aurp_peer.go:299 +0x54d fp=0x2028c1173f88 sp=0x2028c1173d30 pc=0x962d4d
drjosh.dev/jrouter/router.(*AURPPeerTable).RunAll.func1()
	/home/runner/work/jrouter/jrouter/router/aurp_peer_table.go:67 +0x1f fp=0x2028c1173fb0 sp=0x2028c1173f88 pc=0x96a61f
sync.(*WaitGroup).Go.func1()
	/opt/hostedtoolcache/go/1.26.4/x64/src/sync/waitgroup.go:258 +0x4a fp=0x2028c1173fe0 sp=0x2028c1173fb0 pc=0x4a01aa
runtime.goexit({})
	/opt/hostedtoolcache/go/1.26.4/x64/src/runtime/asm_amd64.s:1771 +0x1 fp=0x2028c1173fe8 sp=0x2028c1173fe0 pc=0x4950a1
created by sync.(*WaitGroup).Go in goroutine 1
	/opt/hostedtoolcache/go/1.26.4/x64/src/sync/waitgroup.go:238 +0x73

goroutine 388 gp=0x2028c10734a0 m=nil [select]:
runtime.gopark(0x2028c115eeb8?, 0x5?, 0xa5?, 0x90?, 0x2028c115ed86?)
	/opt/hostedtoolcache/go/1.26.4/x64/src/runtime/proc.go:462 +0xce fp=0x2028c115ec00 sp=0x2028c115ebe0 pc=0x48d62e
runtime.selectgo(0x2028c115eeb8, 0x2028c115ed7c, 0x2028c1151860?, 0x0, 0x0?, 0x1)
	/opt/hostedtoolcache/go/1.26.4/x64/src/runtime/select.go:351 +0xaa5 fp=0x2028c115ed30 sp=0x2028c115ec00 pc=0x46b705
drjosh.dev/jrouter/router.(*AURPPeer).Handle(0x0?, {0xbd2b70, 0x2028c06f5a00})
	/home/runner/work/jrouter/jrouter/router/aurp_peer.go:299 +0x54d fp=0x2028c115ef88 sp=0x2028c115ed30 pc=0x962d4d
drjosh.dev/jrouter/router.(*AURPPeerTable).RunAll.func1()
	/home/runner/work/jrouter/jrouter/router/aurp_peer_table.go:67 +0x1f fp=0x2028c115efb0 sp=0x2028c115ef88 pc=0x96a61f
sync.(*WaitGroup).Go.func1()
	/opt/hostedtoolcache/go/1.26.4/x64/src/sync/waitgroup.go:258 +0x4a fp=0x2028c115efe0 sp=0x2028c115efb0 pc=0x4a01aa
runtime.goexit({})
	/opt/hostedtoolcache/go/1.26.4/x64/src/runtime/asm_amd64.s:1771 +0x1 fp=0x2028c115efe8 sp=0x2028c115efe0 pc=0x4950a1
created by sync.(*WaitGroup).Go in goroutine 1
	/opt/hostedtoolcache/go/1.26.4/x64/src/sync/waitgroup.go:238 +0x73

goroutine 389 gp=0x2028c1073680 m=nil [select]:
runtime.gopark(0x2028c116deb8?, 0x5?, 0xa5?, 0x90?, 0x2028c116dd86?)
	/opt/hostedtoolcache/go/1.26.4/x64/src/runtime/proc.go:462 +0xce fp=0x2028c116dc00 sp=0x2028c116dbe0 pc=0x48d62e
runtime.selectgo(0x2028c116deb8, 0x2028c116dd7c, 0x2028c1151980?, 0x0, 0x0?, 0x1)
	/opt/hostedtoolcache/go/1.26.4/x64/src/runtime/select.go:351 +0xaa5 fp=0x2028c116dd30 sp=0x2028c116dc00 pc=0x46b705
drjosh.dev/jrouter/router.(*AURPPeer).Handle(0x0?, {0xbd2b70, 0x2028c06f5a00})
	/home/runner/work/jrouter/jrouter/router/aurp_peer.go:299 +0x54d fp=0x2028c116df88 sp=0x2028c116dd30 pc=0x962d4d
drjosh.dev/jrouter/router.(*AURPPeerTable).RunAll.func1()
	/home/runner/work/jrouter/jrouter/router/aurp_peer_table.go:67 +0x1f fp=0x2028c116dfb0 sp=0x2028c116df88 pc=0x96a61f
sync.(*WaitGroup).Go.func1()
	/opt/hostedtoolcache/go/1.26.4/x64/src/sync/waitgroup.go:258 +0x4a fp=0x2028c116dfe0 sp=0x2028c116dfb0 pc=0x4a01aa
runtime.goexit({})
	/opt/hostedtoolcache/go/1.26.4/x64/src/runtime/asm_amd64.s:1771 +0x1 fp=0x2028c116dfe8 sp=0x2028c116dfe0 pc=0x4950a1
created by sync.(*WaitGroup).Go in goroutine 1
	/opt/hostedtoolcache/go/1.26.4/x64/src/sync/waitgroup.go:238 +0x73

goroutine 390 gp=0x2028c1073860 m=nil [select]:
runtime.gopark(0x2028c116eeb8?, 0x5?, 0xa5?, 0x90?, 0x2028c116ed86?)
	/opt/hostedtoolcache/go/1.26.4/x64/src/runtime/proc.go:462 +0xce fp=0x2028c116ec00 sp=0x2028c116ebe0 pc=0x48d62e
runtime.selectgo(0x2028c116eeb8, 0x2028c116ed7c, 0x2028c1151aa0?, 0x0, 0x0?, 0x1)
	/opt/hostedtoolcache/go/1.26.4/x64/src/runtime/select.go:351 +0xaa5 fp=0x2028c116ed30 sp=0x2028c116ec00 pc=0x46b705
drjosh.dev/jrouter/router.(*AURPPeer).Handle(0x0?, {0xbd2b70, 0x2028c06f5a00})
	/home/runner/work/jrouter/jrouter/router/aurp_peer.go:299 +0x54d fp=0x2028c116ef88 sp=0x2028c116ed30 pc=0x962d4d
drjosh.dev/jrouter/router.(*AURPPeerTable).RunAll.func1()
	/home/runner/work/jrouter/jrouter/router/aurp_peer_table.go:67 +0x1f fp=0x2028c116efb0 sp=0x2028c116ef88 pc=0x96a61f
sync.(*WaitGroup).Go.func1()
	/opt/hostedtoolcache/go/1.26.4/x64/src/sync/waitgroup.go:258 +0x4a fp=0x2028c116efe0 sp=0x2028c116efb0 pc=0x4a01aa
runtime.goexit({})
	/opt/hostedtoolcache/go/1.26.4/x64/src/runtime/asm_amd64.s:1771 +0x1 fp=0x2028c116efe8 sp=0x2028c116efe0 pc=0x4950a1
created by sync.(*WaitGroup).Go in goroutine 1
	/opt/hostedtoolcache/go/1.26.4/x64/src/sync/waitgroup.go:238 +0x73

goroutine 391 gp=0x2028c1073a40 m=nil [select]:
runtime.gopark(0x2028c116feb8?, 0x5?, 0xa5?, 0x90?, 0x2028c116fd86?)
	/opt/hostedtoolcache/go/1.26.4/x64/src/runtime/proc.go:462 +0xce fp=0x2028c116fc00 sp=0x2028c116fbe0 pc=0x48d62e
runtime.selectgo(0x2028c116feb8, 0x2028c116fd7c, 0x2028c1151bc0?, 0x0, 0x0?, 0x1)
	/opt/hostedtoolcache/go/1.26.4/x64/src/runtime/select.go:351 +0xaa5 fp=0x2028c116fd30 sp=0x2028c116fc00 pc=0x46b705
drjosh.dev/jrouter/router.(*AURPPeer).Handle(0x0?, {0xbd2b70, 0x2028c06f5a00})
	/home/runner/work/jrouter/jrouter/router/aurp_peer.go:299 +0x54d fp=0x2028c116ff88 sp=0x2028c116fd30 pc=0x962d4d
drjosh.dev/jrouter/router.(*AURPPeerTable).RunAll.func1()
	/home/runner/work/jrouter/jrouter/router/aurp_peer_table.go:67 +0x1f fp=0x2028c116ffb0 sp=0x2028c116ff88 pc=0x96a61f
sync.(*WaitGroup).Go.func1()
	/opt/hostedtoolcache/go/1.26.4/x64/src/sync/waitgroup.go:258 +0x4a fp=0x2028c116ffe0 sp=0x2028c116ffb0 pc=0x4a01aa
runtime.goexit({})
	/opt/hostedtoolcache/go/1.26.4/x64/src/runtime/asm_amd64.s:1771 +0x1 fp=0x2028c116ffe8 sp=0x2028c116ffe0 pc=0x4950a1
created by sync.(*WaitGroup).Go in goroutine 1
	/opt/hostedtoolcache/go/1.26.4/x64/src/sync/waitgroup.go:238 +0x73

goroutine 392 gp=0x2028c1073c20 m=nil [select]:
runtime.gopark(0x2028c1170eb8?, 0x5?, 0xa5?, 0x90?, 0x2028c1170d86?)
	/opt/hostedtoolcache/go/1.26.4/x64/src/runtime/proc.go:462 +0xce fp=0x2028c1170c00 sp=0x2028c1170be0 pc=0x48d62e
runtime.selectgo(0x2028c1170eb8, 0x2028c1170d7c, 0x2028c1151ce0?, 0x0, 0x0?, 0x1)
	/opt/hostedtoolcache/go/1.26.4/x64/src/runtime/select.go:351 +0xaa5 fp=0x2028c1170d30 sp=0x2028c1170c00 pc=0x46b705
drjosh.dev/jrouter/router.(*AURPPeer).Handle(0x0?, {0xbd2b70, 0x2028c06f5a00})
	/home/runner/work/jrouter/jrouter/router/aurp_peer.go:299 +0x54d fp=0x2028c1170f88 sp=0x2028c1170d30 pc=0x962d4d
drjosh.dev/jrouter/router.(*AURPPeerTable).RunAll.func1()
	/home/runner/work/jrouter/jrouter/router/aurp_peer_table.go:67 +0x1f fp=0x2028c1170fb0 sp=0x2028c1170f88 pc=0x96a61f
sync.(*WaitGroup).Go.func1()
	/opt/hostedtoolcache/go/1.26.4/x64/src/sync/waitgroup.go:258 +0x4a fp=0x2028c1170fe0 sp=0x2028c1170fb0 pc=0x4a01aa
runtime.goexit({})
	/opt/hostedtoolcache/go/1.26.4/x64/src/runtime/asm_amd64.s:1771 +0x1 fp=0x2028c1170fe8 sp=0x2028c1170fe0 pc=0x4950a1
created by sync.(*WaitGroup).Go in goroutine 1
	/opt/hostedtoolcache/go/1.26.4/x64/src/sync/waitgroup.go:238 +0x73

goroutine 393 gp=0x2028c107c000 m=nil [select]:
runtime.gopark(0x2028c1179eb8?, 0x5?, 0xa5?, 0x90?, 0x2028c1179d86?)
	/opt/hostedtoolcache/go/1.26.4/x64/src/runtime/proc.go:462 +0xce fp=0x2028c1179c00 sp=0x2028c1179be0 pc=0x48d62e
runtime.selectgo(0x2028c1179eb8, 0x2028c1179d7c, 0x2028c1151e00?, 0x0, 0x0?, 0x1)
	/opt/hostedtoolcache/go/1.26.4/x64/src/runtime/select.go:351 +0xaa5 fp=0x2028c1179d30 sp=0x2028c1179c00 pc=0x46b705
drjosh.dev/jrouter/router.(*AURPPeer).Handle(0x0?, {0xbd2b70, 0x2028c06f5a00})
	/home/runner/work/jrouter/jrouter/router/aurp_peer.go:299 +0x54d fp=0x2028c1179f88 sp=0x2028c1179d30 pc=0x962d4d
drjosh.dev/jrouter/router.(*AURPPeerTable).RunAll.func1()
	/home/runner/work/jrouter/jrouter/router/aurp_peer_table.go:67 +0x1f fp=0x2028c1179fb0 sp=0x2028c1179f88 pc=0x96a61f
sync.(*WaitGroup).Go.func1()
	/opt/hostedtoolcache/go/1.26.4/x64/src/sync/waitgroup.go:258 +0x4a fp=0x2028c1179fe0 sp=0x2028c1179fb0 pc=0x4a01aa
runtime.goexit({})
	/opt/hostedtoolcache/go/1.26.4/x64/src/runtime/asm_amd64.s:1771 +0x1 fp=0x2028c1179fe8 sp=0x2028c1179fe0 pc=0x4950a1
created by sync.(*WaitGroup).Go in goroutine 1
	/opt/hostedtoolcache/go/1.26.4/x64/src/sync/waitgroup.go:238 +0x73

goroutine 394 gp=0x2028c107c1e0 m=nil [select]:
runtime.gopark(0x2028c117aeb8?, 0x5?, 0xa5?, 0x90?, 0x2028c117ad86?)
	/opt/hostedtoolcache/go/1.26.4/x64/src/runtime/proc.go:462 +0xce fp=0x2028c117ac00 sp=0x2028c117abe0 pc=0x48d62e
runtime.selectgo(0x2028c117aeb8, 0x2028c117ad7c, 0x2028c117e060?, 0x0, 0x0?, 0x1)
	/opt/hostedtoolcache/go/1.26.4/x64/src/runtime/select.go:351 +0xaa5 fp=0x2028c117ad30 sp=0x2028c117ac00 pc=0x46b705
drjosh.dev/jrouter/router.(*AURPPeer).Handle(0x0?, {0xbd2b70, 0x2028c06f5a00})
	/home/runner/work/jrouter/jrouter/router/aurp_peer.go:299 +0x54d fp=0x2028c117af88 sp=0x2028c117ad30 pc=0x962d4d
drjosh.dev/jrouter/router.(*AURPPeerTable).RunAll.func1()
	/home/runner/work/jrouter/jrouter/router/aurp_peer_table.go:67 +0x1f fp=0x2028c117afb0 sp=0x2028c117af88 pc=0x96a61f
sync.(*WaitGroup).Go.func1()
	/opt/hostedtoolcache/go/1.26.4/x64/src/sync/waitgroup.go:258 +0x4a fp=0x2028c117afe0 sp=0x2028c117afb0 pc=0x4a01aa
runtime.goexit({})
	/opt/hostedtoolcache/go/1.26.4/x64/src/runtime/asm_amd64.s:1771 +0x1 fp=0x2028c117afe8 sp=0x2028c117afe0 pc=0x4950a1
created by sync.(*WaitGroup).Go in goroutine 1
	/opt/hostedtoolcache/go/1.26.4/x64/src/sync/waitgroup.go:238 +0x73

goroutine 395 gp=0x2028c107c3c0 m=nil [select]:
runtime.gopark(0x2028c117beb8?, 0x5?, 0xa5?, 0x90?, 0x2028c117bd86?)
	/opt/hostedtoolcache/go/1.26.4/x64/src/runtime/proc.go:462 +0xce fp=0x2028c117bc00 sp=0x2028c117bbe0 pc=0x48d62e
runtime.selectgo(0x2028c117beb8, 0x2028c117bd7c, 0x2028c117e180?, 0x0, 0x0?, 0x1)
	/opt/hostedtoolcache/go/1.26.4/x64/src/runtime/select.go:351 +0xaa5 fp=0x2028c117bd30 sp=0x2028c117bc00 pc=0x46b705
drjosh.dev/jrouter/router.(*AURPPeer).Handle(0x0?, {0xbd2b70, 0x2028c06f5a00})
	/home/runner/work/jrouter/jrouter/router/aurp_peer.go:299 +0x54d fp=0x2028c117bf88 sp=0x2028c117bd30 pc=0x962d4d
drjosh.dev/jrouter/router.(*AURPPeerTable).RunAll.func1()
	/home/runner/work/jrouter/jrouter/router/aurp_peer_table.go:67 +0x1f fp=0x2028c117bfb0 sp=0x2028c117bf88 pc=0x96a61f
sync.(*WaitGroup).Go.func1()
	/opt/hostedtoolcache/go/1.26.4/x64/src/sync/waitgroup.go:258 +0x4a fp=0x2028c117bfe0 sp=0x2028c117bfb0 pc=0x4a01aa
runtime.goexit({})
	/opt/hostedtoolcache/go/1.26.4/x64/src/runtime/asm_amd64.s:1771 +0x1 fp=0x2028c117bfe8 sp=0x2028c117bfe0 pc=0x4950a1
created by sync.(*WaitGroup).Go in goroutine 1
	/opt/hostedtoolcache/go/1.26.4/x64/src/sync/waitgroup.go:238 +0x73

goroutine 396 gp=0x2028c107c5a0 m=nil [select]:
runtime.gopark(0x2028c116ceb8?, 0x5?, 0xa5?, 0x90?, 0x2028c116cd86?)
	/opt/hostedtoolcache/go/1.26.4/x64/src/runtime/proc.go:462 +0xce fp=0x2028c116cc00 sp=0x2028c116cbe0 pc=0x48d62e
runtime.selectgo(0x2028c116ceb8, 0x2028c116cd7c, 0x2028c117e2a0?, 0x0, 0x0?, 0x1)
	/opt/hostedtoolcache/go/1.26.4/x64/src/runtime/select.go:351 +0xaa5 fp=0x2028c116cd30 sp=0x2028c116cc00 pc=0x46b705
drjosh.dev/jrouter/router.(*AURPPeer).Handle(0x0?, {0xbd2b70, 0x2028c06f5a00})
	/home/runner/work/jrouter/jrouter/router/aurp_peer.go:299 +0x54d fp=0x2028c116cf88 sp=0x2028c116cd30 pc=0x962d4d
drjosh.dev/jrouter/router.(*AURPPeerTable).RunAll.func1()
	/home/runner/work/jrouter/jrouter/router/aurp_peer_table.go:67 +0x1f fp=0x2028c116cfb0 sp=0x2028c116cf88 pc=0x96a61f
sync.(*WaitGroup).Go.func1()
	/opt/hostedtoolcache/go/1.26.4/x64/src/sync/waitgroup.go:258 +0x4a fp=0x2028c116cfe0 sp=0x2028c116cfb0 pc=0x4a01aa
runtime.goexit({})
	/opt/hostedtoolcache/go/1.26.4/x64/src/runtime/asm_amd64.s:1771 +0x1 fp=0x2028c116cfe8 sp=0x2028c116cfe0 pc=0x4950a1
created by sync.(*WaitGroup).Go in goroutine 1
	/opt/hostedtoolcache/go/1.26.4/x64/src/sync/waitgroup.go:238 +0x73

goroutine 397 gp=0x2028c107c780 m=nil [runnable]:
runtime.gopark(0x2028c11bfeb8?, 0x5?, 0xa5?, 0x90?, 0x2028c11bfd86?)
	/opt/hostedtoolcache/go/1.26.4/x64/src/runtime/proc.go:462 +0xce fp=0x2028c11bfc00 sp=0x2028c11bfbe0 pc=0x48d62e
runtime.selectgo(0x2028c11bfeb8, 0x2028c11bfd7c, 0x2028c11f45a0?, 0x0, 0x0?, 0x1)
	/opt/hostedtoolcache/go/1.26.4/x64/src/runtime/select.go:351 +0xaa5 fp=0x2028c11bfd30 sp=0x2028c11bfc00 pc=0x46b705
drjosh.dev/jrouter/router.(*AURPPeer).Handle(0x0?, {0xbd2b70, 0x2028c06f5a00})
	/home/runner/work/jrouter/jrouter/router/aurp_peer.go:299 +0x54d fp=0x2028c11bff88 sp=0x2028c11bfd30 pc=0x962d4d
drjosh.dev/jrouter/router.(*AURPPeerTable).RunAll.func1()
	/home/runner/work/jrouter/jrouter/router/aurp_peer_table.go:67 +0x1f fp=0x2028c11bffb0 sp=0x2028c11bff88 pc=0x96a61f
sync.(*WaitGroup).Go.func1()
	/opt/hostedtoolcache/go/1.26.4/x64/src/sync/waitgroup.go:258 +0x4a fp=0x2028c11bffe0 sp=0x2028c11bffb0 pc=0x4a01aa
runtime.goexit({})
	/opt/hostedtoolcache/go/1.26.4/x64/src/runtime/asm_amd64.s:1771 +0x1 fp=0x2028c11bffe8 sp=0x2028c11bffe0 pc=0x4950a1
created by sync.(*WaitGroup).Go in goroutine 1
	/opt/hostedtoolcache/go/1.26.4/x64/src/sync/waitgroup.go:238 +0x73

goroutine 398 gp=0x2028c107c960 m=nil [select]:
runtime.gopark(0x2028c1176eb8?, 0x5?, 0xa5?, 0x90?, 0x2028c1176d86?)
	/opt/hostedtoolcache/go/1.26.4/x64/src/runtime/proc.go:462 +0xce fp=0x2028c1176c00 sp=0x2028c1176be0 pc=0x48d62e
runtime.selectgo(0x2028c1176eb8, 0x2028c1176d7c, 0x2028c117e4e0?, 0x0, 0x0?, 0x1)
	/opt/hostedtoolcache/go/1.26.4/x64/src/runtime/select.go:351 +0xaa5 fp=0x2028c1176d30 sp=0x2028c1176c00 pc=0x46b705
drjosh.dev/jrouter/router.(*AURPPeer).Handle(0x0?, {0xbd2b70, 0x2028c06f5a00})
	/home/runner/work/jrouter/jrouter/router/aurp_peer.go:299 +0x54d fp=0x2028c1176f88 sp=0x2028c1176d30 pc=0x962d4d
drjosh.dev/jrouter/router.(*AURPPeerTable).RunAll.func1()
	/home/runner/work/jrouter/jrouter/router/aurp_peer_table.go:67 +0x1f fp=0x2028c1176fb0 sp=0x2028c1176f88 pc=0x96a61f
sync.(*WaitGroup).Go.func1()
	/opt/hostedtoolcache/go/1.26.4/x64/src/sync/waitgroup.go:258 +0x4a fp=0x2028c1176fe0 sp=0x2028c1176fb0 pc=0x4a01aa
runtime.goexit({})
	/opt/hostedtoolcache/go/1.26.4/x64/src/runtime/asm_amd64.s:1771 +0x1 fp=0x2028c1176fe8 sp=0x2028c1176fe0 pc=0x4950a1
created by sync.(*WaitGroup).Go in goroutine 1
	/opt/hostedtoolcache/go/1.26.4/x64/src/sync/waitgroup.go:238 +0x73

goroutine 399 gp=0x2028c107cb40 m=nil [select]:
runtime.gopark(0x2028c1177eb8?, 0x5?, 0xa5?, 0x90?, 0x2028c1177d86?)
	/opt/hostedtoolcache/go/1.26.4/x64/src/runtime/proc.go:462 +0xce fp=0x2028c1177c00 sp=0x2028c1177be0 pc=0x48d62e
runtime.selectgo(0x2028c1177eb8, 0x2028c1177d7c, 0x2028c117e600?, 0x0, 0x0?, 0x1)
	/opt/hostedtoolcache/go/1.26.4/x64/src/runtime/select.go:351 +0xaa5 fp=0x2028c1177d30 sp=0x2028c1177c00 pc=0x46b705
drjosh.dev/jrouter/router.(*AURPPeer).Handle(0x0?, {0xbd2b70, 0x2028c06f5a00})
	/home/runner/work/jrouter/jrouter/router/aurp_peer.go:299 +0x54d fp=0x2028c1177f88 sp=0x2028c1177d30 pc=0x962d4d
drjosh.dev/jrouter/router.(*AURPPeerTable).RunAll.func1()
	/home/runner/work/jrouter/jrouter/router/aurp_peer_table.go:67 +0x1f fp=0x2028c1177fb0 sp=0x2028c1177f88 pc=0x96a61f
sync.(*WaitGroup).Go.func1()
	/opt/hostedtoolcache/go/1.26.4/x64/src/sync/waitgroup.go:258 +0x4a fp=0x2028c1177fe0 sp=0x2028c1177fb0 pc=0x4a01aa
runtime.goexit({})
	/opt/hostedtoolcache/go/1.26.4/x64/src/runtime/asm_amd64.s:1771 +0x1 fp=0x2028c1177fe8 sp=0x2028c1177fe0 pc=0x4950a1
created by sync.(*WaitGroup).Go in goroutine 1
	/opt/hostedtoolcache/go/1.26.4/x64/src/sync/waitgroup.go:238 +0x73

goroutine 400 gp=0x2028c107cd20 m=nil [select]:
runtime.gopark(0x2028c1178eb8?, 0x5?, 0xa5?, 0x90?, 0x2028c1178d86?)
	/opt/hostedtoolcache/go/1.26.4/x64/src/runtime/proc.go:462 +0xce fp=0x2028c1178c00 sp=0x2028c1178be0 pc=0x48d62e
runtime.selectgo(0x2028c1178eb8, 0x2028c1178d7c, 0x2028c117e720?, 0x0, 0x0?, 0x1)
	/opt/hostedtoolcache/go/1.26.4/x64/src/runtime/select.go:351 +0xaa5 fp=0x2028c1178d30 sp=0x2028c1178c00 pc=0x46b705
drjosh.dev/jrouter/router.(*AURPPeer).Handle(0x0?, {0xbd2b70, 0x2028c06f5a00})
	/home/runner/work/jrouter/jrouter/router/aurp_peer.go:299 +0x54d fp=0x2028c1178f88 sp=0x2028c1178d30 pc=0x962d4d
drjosh.dev/jrouter/router.(*AURPPeerTable).RunAll.func1()
	/home/runner/work/jrouter/jrouter/router/aurp_peer_table.go:67 +0x1f fp=0x2028c1178fb0 sp=0x2028c1178f88 pc=0x96a61f
sync.(*WaitGroup).Go.func1()
	/opt/hostedtoolcache/go/1.26.4/x64/src/sync/waitgroup.go:258 +0x4a fp=0x2028c1178fe0 sp=0x2028c1178fb0 pc=0x4a01aa
runtime.goexit({})
	/opt/hostedtoolcache/go/1.26.4/x64/src/runtime/asm_amd64.s:1771 +0x1 fp=0x2028c1178fe8 sp=0x2028c1178fe0 pc=0x4950a1
created by sync.(*WaitGroup).Go in goroutine 1
	/opt/hostedtoolcache/go/1.26.4/x64/src/sync/waitgroup.go:238 +0x73

goroutine 401 gp=0x2028c107cf00 m=nil [select]:
runtime.gopark(0x2028c1047eb8?, 0x5?, 0xa5?, 0x90?, 0x2028c1047d86?)
	/opt/hostedtoolcache/go/1.26.4/x64/src/runtime/proc.go:462 +0xce fp=0x2028c1047c00 sp=0x2028c1047be0 pc=0x48d62e
runtime.selectgo(0x2028c1047eb8, 0x2028c1047d7c, 0x2028c117e840?, 0x0, 0x0?, 0x1)
	/opt/hostedtoolcache/go/1.26.4/x64/src/runtime/select.go:351 +0xaa5 fp=0x2028c1047d30 sp=0x2028c1047c00 pc=0x46b705
drjosh.dev/jrouter/router.(*AURPPeer).Handle(0x0?, {0xbd2b70, 0x2028c06f5a00})
	/home/runner/work/jrouter/jrouter/router/aurp_peer.go:299 +0x54d fp=0x2028c1047f88 sp=0x2028c1047d30 pc=0x962d4d
drjosh.dev/jrouter/router.(*AURPPeerTable).RunAll.func1()
	/home/runner/work/jrouter/jrouter/router/aurp_peer_table.go:67 +0x1f fp=0x2028c1047fb0 sp=0x2028c1047f88 pc=0x96a61f
sync.(*WaitGroup).Go.func1()
	/opt/hostedtoolcache/go/1.26.4/x64/src/sync/waitgroup.go:258 +0x4a fp=0x2028c1047fe0 sp=0x2028c1047fb0 pc=0x4a01aa
runtime.goexit({})
	/opt/hostedtoolcache/go/1.26.4/x64/src/runtime/asm_amd64.s:1771 +0x1 fp=0x2028c1047fe8 sp=0x2028c1047fe0 pc=0x4950a1
created by sync.(*WaitGroup).Go in goroutine 1
	/opt/hostedtoolcache/go/1.26.4/x64/src/sync/waitgroup.go:238 +0x73

goroutine 402 gp=0x2028c107d0e0 m=nil [select]:
runtime.gopark(0x2028c1048eb8?, 0x5?, 0xa5?, 0x90?, 0x2028c1048d86?)
	/opt/hostedtoolcache/go/1.26.4/x64/src/runtime/proc.go:462 +0xce fp=0x2028c1048c00 sp=0x2028c1048be0 pc=0x48d62e
runtime.selectgo(0x2028c1048eb8, 0x2028c1048d7c, 0x2028c117e960?, 0x0, 0x0?, 0x1)
	/opt/hostedtoolcache/go/1.26.4/x64/src/runtime/select.go:351 +0xaa5 fp=0x2028c1048d30 sp=0x2028c1048c00 pc=0x46b705
drjosh.dev/jrouter/router.(*AURPPeer).Handle(0x0?, {0xbd2b70, 0x2028c06f5a00})
	/home/runner/work/jrouter/jrouter/router/aurp_peer.go:299 +0x54d fp=0x2028c1048f88 sp=0x2028c1048d30 pc=0x962d4d
drjosh.dev/jrouter/router.(*AURPPeerTable).RunAll.func1()
	/home/runner/work/jrouter/jrouter/router/aurp_peer_table.go:67 +0x1f fp=0x2028c1048fb0 sp=0x2028c1048f88 pc=0x96a61f
sync.(*WaitGroup).Go.func1()
	/opt/hostedtoolcache/go/1.26.4/x64/src/sync/waitgroup.go:258 +0x4a fp=0x2028c1048fe0 sp=0x2028c1048fb0 pc=0x4a01aa
runtime.goexit({})
	/opt/hostedtoolcache/go/1.26.4/x64/src/runtime/asm_amd64.s:1771 +0x1 fp=0x2028c1048fe8 sp=0x2028c1048fe0 pc=0x4950a1
created by sync.(*WaitGroup).Go in goroutine 1
	/opt/hostedtoolcache/go/1.26.4/x64/src/sync/waitgroup.go:238 +0x73

goroutine 403 gp=0x2028c107d2c0 m=nil [select]:
runtime.gopark(0x2028c1049eb8?, 0x5?, 0xa5?, 0x90?, 0x2028c1049d86?)
	/opt/hostedtoolcache/go/1.26.4/x64/src/runtime/proc.go:462 +0xce fp=0x2028c1049c00 sp=0x2028c1049be0 pc=0x48d62e
runtime.selectgo(0x2028c1049eb8, 0x2028c1049d7c, 0x2028c117ea80?, 0x0, 0x0?, 0x1)
	/opt/hostedtoolcache/go/1.26.4/x64/src/runtime/select.go:351 +0xaa5 fp=0x2028c1049d30 sp=0x2028c1049c00 pc=0x46b705
drjosh.dev/jrouter/router.(*AURPPeer).Handle(0x0?, {0xbd2b70, 0x2028c06f5a00})
	/home/runner/work/jrouter/jrouter/router/aurp_peer.go:299 +0x54d fp=0x2028c1049f88 sp=0x2028c1049d30 pc=0x962d4d
drjosh.dev/jrouter/router.(*AURPPeerTable).RunAll.func1()
	/home/runner/work/jrouter/jrouter/router/aurp_peer_table.go:67 +0x1f fp=0x2028c1049fb0 sp=0x2028c1049f88 pc=0x96a61f
sync.(*WaitGroup).Go.func1()
	/opt/hostedtoolcache/go/1.26.4/x64/src/sync/waitgroup.go:258 +0x4a fp=0x2028c1049fe0 sp=0x2028c1049fb0 pc=0x4a01aa
runtime.goexit({})
	/opt/hostedtoolcache/go/1.26.4/x64/src/runtime/asm_amd64.s:1771 +0x1 fp=0x2028c1049fe8 sp=0x2028c1049fe0 pc=0x4950a1
created by sync.(*WaitGroup).Go in goroutine 1
	/opt/hostedtoolcache/go/1.26.4/x64/src/sync/waitgroup.go:238 +0x73

goroutine 404 gp=0x2028c107d4a0 m=nil [select]:
runtime.gopark(0x2028c1174eb8?, 0x5?, 0xa5?, 0x90?, 0x2028c1174d86?)
	/opt/hostedtoolcache/go/1.26.4/x64/src/runtime/proc.go:462 +0xce fp=0x2028c1174c00 sp=0x2028c1174be0 pc=0x48d62e
runtime.selectgo(0x2028c1174eb8, 0x2028c1174d7c, 0x2028c117eba0?, 0x0, 0x0?, 0x1)
	/opt/hostedtoolcache/go/1.26.4/x64/src/runtime/select.go:351 +0xaa5 fp=0x2028c1174d30 sp=0x2028c1174c00 pc=0x46b705
drjosh.dev/jrouter/router.(*AURPPeer).Handle(0x0?, {0xbd2b70, 0x2028c06f5a00})
	/home/runner/work/jrouter/jrouter/router/aurp_peer.go:299 +0x54d fp=0x2028c1174f88 sp=0x2028c1174d30 pc=0x962d4d
drjosh.dev/jrouter/router.(*AURPPeerTable).RunAll.func1()
	/home/runner/work/jrouter/jrouter/router/aurp_peer_table.go:67 +0x1f fp=0x2028c1174fb0 sp=0x2028c1174f88 pc=0x96a61f
sync.(*WaitGroup).Go.func1()
	/opt/hostedtoolcache/go/1.26.4/x64/src/sync/waitgroup.go:258 +0x4a fp=0x2028c1174fe0 sp=0x2028c1174fb0 pc=0x4a01aa
runtime.goexit({})
	/opt/hostedtoolcache/go/1.26.4/x64/src/runtime/asm_amd64.s:1771 +0x1 fp=0x2028c1174fe8 sp=0x2028c1174fe0 pc=0x4950a1
created by sync.(*WaitGroup).Go in goroutine 1
	/opt/hostedtoolcache/go/1.26.4/x64/src/sync/waitgroup.go:238 +0x73

goroutine 405 gp=0x2028c107d680 m=nil [select]:
runtime.gopark(0x2028c1043eb8?, 0x5?, 0xa5?, 0x90?, 0x2028c1043d86?)
	/opt/hostedtoolcache/go/1.26.4/x64/src/runtime/proc.go:462 +0xce fp=0x2028c1043c00 sp=0x2028c1043be0 pc=0x48d62e
runtime.selectgo(0x2028c1043eb8, 0x2028c1043d7c, 0x2028c117ecc0?, 0x0, 0x0?, 0x1)
	/opt/hostedtoolcache/go/1.26.4/x64/src/runtime/select.go:351 +0xaa5 fp=0x2028c1043d30 sp=0x2028c1043c00 pc=0x46b705
drjosh.dev/jrouter/router.(*AURPPeer).Handle(0x0?, {0xbd2b70, 0x2028c06f5a00})
	/home/runner/work/jrouter/jrouter/router/aurp_peer.go:299 +0x54d fp=0x2028c1043f88 sp=0x2028c1043d30 pc=0x962d4d
drjosh.dev/jrouter/router.(*AURPPeerTable).RunAll.func1()
	/home/runner/work/jrouter/jrouter/router/aurp_peer_table.go:67 +0x1f fp=0x2028c1043fb0 sp=0x2028c1043f88 pc=0x96a61f
sync.(*WaitGroup).Go.func1()
	/opt/hostedtoolcache/go/1.26.4/x64/src/sync/waitgroup.go:258 +0x4a fp=0x2028c1043fe0 sp=0x2028c1043fb0 pc=0x4a01aa
runtime.goexit({})
	/opt/hostedtoolcache/go/1.26.4/x64/src/runtime/asm_amd64.s:1771 +0x1 fp=0x2028c1043fe8 sp=0x2028c1043fe0 pc=0x4950a1
created by sync.(*WaitGroup).Go in goroutine 1
	/opt/hostedtoolcache/go/1.26.4/x64/src/sync/waitgroup.go:238 +0x73

goroutine 406 gp=0x2028c107d860 m=nil [select]:
runtime.gopark(0x2028c1044eb8?, 0x5?, 0xa5?, 0x90?, 0x2028c1044d86?)
	/opt/hostedtoolcache/go/1.26.4/x64/src/runtime/proc.go:462 +0xce fp=0x2028c1044c00 sp=0x2028c1044be0 pc=0x48d62e
runtime.selectgo(0x2028c1044eb8, 0x2028c1044d7c, 0x2028c117ede0?, 0x0, 0x0?, 0x1)
	/opt/hostedtoolcache/go/1.26.4/x64/src/runtime/select.go:351 +0xaa5 fp=0x2028c1044d30 sp=0x2028c1044c00 pc=0x46b705
drjosh.dev/jrouter/router.(*AURPPeer).Handle(0x0?, {0xbd2b70, 0x2028c06f5a00})
	/home/runner/work/jrouter/jrouter/router/aurp_peer.go:299 +0x54d fp=0x2028c1044f88 sp=0x2028c1044d30 pc=0x962d4d
drjosh.dev/jrouter/router.(*AURPPeerTable).RunAll.func1()
	/home/runner/work/jrouter/jrouter/router/aurp_peer_table.go:67 +0x1f fp=0x2028c1044fb0 sp=0x2028c1044f88 pc=0x96a61f
sync.(*WaitGroup).Go.func1()
	/opt/hostedtoolcache/go/1.26.4/x64/src/sync/waitgroup.go:258 +0x4a fp=0x2028c1044fe0 sp=0x2028c1044fb0 pc=0x4a01aa
runtime.goexit({})
	/opt/hostedtoolcache/go/1.26.4/x64/src/runtime/asm_amd64.s:1771 +0x1 fp=0x2028c1044fe8 sp=0x2028c1044fe0 pc=0x4950a1
created by sync.(*WaitGroup).Go in goroutine 1
	/opt/hostedtoolcache/go/1.26.4/x64/src/sync/waitgroup.go:238 +0x73

goroutine 407 gp=0x2028c107da40 m=nil [select]:
runtime.gopark(0x2028c1045eb8?, 0x5?, 0xa5?, 0x90?, 0x2028c1045d86?)
	/opt/hostedtoolcache/go/1.26.4/x64/src/runtime/proc.go:462 +0xce fp=0x2028c1045c00 sp=0x2028c1045be0 pc=0x48d62e
runtime.selectgo(0x2028c1045eb8, 0x2028c1045d7c, 0x2028c117ef00?, 0x0, 0x0?, 0x1)
	/opt/hostedtoolcache/go/1.26.4/x64/src/runtime/select.go:351 +0xaa5 fp=0x2028c1045d30 sp=0x2028c1045c00 pc=0x46b705
drjosh.dev/jrouter/router.(*AURPPeer).Handle(0x0?, {0xbd2b70, 0x2028c06f5a00})
	/home/runner/work/jrouter/jrouter/router/aurp_peer.go:299 +0x54d fp=0x2028c1045f88 sp=0x2028c1045d30 pc=0x962d4d
drjosh.dev/jrouter/router.(*AURPPeerTable).RunAll.func1()
	/home/runner/work/jrouter/jrouter/router/aurp_peer_table.go:67 +0x1f fp=0x2028c1045fb0 sp=0x2028c1045f88 pc=0x96a61f
sync.(*WaitGroup).Go.func1()
	/opt/hostedtoolcache/go/1.26.4/x64/src/sync/waitgroup.go:258 +0x4a fp=0x2028c1045fe0 sp=0x2028c1045fb0 pc=0x4a01aa
runtime.goexit({})
	/opt/hostedtoolcache/go/1.26.4/x64/src/runtime/asm_amd64.s:1771 +0x1 fp=0x2028c1045fe8 sp=0x2028c1045fe0 pc=0x4950a1
created by sync.(*WaitGroup).Go in goroutine 1
	/opt/hostedtoolcache/go/1.26.4/x64/src/sync/waitgroup.go:238 +0x73

goroutine 408 gp=0x2028c107dc20 m=nil [select]:
runtime.gopark(0x2028c1046eb8?, 0x5?, 0xa5?, 0x90?, 0x2028c1046d86?)
	/opt/hostedtoolcache/go/1.26.4/x64/src/runtime/proc.go:462 +0xce fp=0x2028c1046c00 sp=0x2028c1046be0 pc=0x48d62e
runtime.selectgo(0x2028c1046eb8, 0x2028c1046d7c, 0x2028c117f020?, 0x0, 0x0?, 0x1)
	/opt/hostedtoolcache/go/1.26.4/x64/src/runtime/select.go:351 +0xaa5 fp=0x2028c1046d30 sp=0x2028c1046c00 pc=0x46b705
drjosh.dev/jrouter/router.(*AURPPeer).Handle(0x0?, {0xbd2b70, 0x2028c06f5a00})
	/home/runner/work/jrouter/jrouter/router/aurp_peer.go:299 +0x54d fp=0x2028c1046f88 sp=0x2028c1046d30 pc=0x962d4d
drjosh.dev/jrouter/router.(*AURPPeerTable).RunAll.func1()
	/home/runner/work/jrouter/jrouter/router/aurp_peer_table.go:67 +0x1f fp=0x2028c1046fb0 sp=0x2028c1046f88 pc=0x96a61f
sync.(*WaitGroup).Go.func1()
	/opt/hostedtoolcache/go/1.26.4/x64/src/sync/waitgroup.go:258 +0x4a fp=0x2028c1046fe0 sp=0x2028c1046fb0 pc=0x4a01aa
runtime.goexit({})
	/opt/hostedtoolcache/go/1.26.4/x64/src/runtime/asm_amd64.s:1771 +0x1 fp=0x2028c1046fe8 sp=0x2028c1046fe0 pc=0x4950a1
created by sync.(*WaitGroup).Go in goroutine 1
	/opt/hostedtoolcache/go/1.26.4/x64/src/sync/waitgroup.go:238 +0x73

goroutine 409 gp=0x2028c107e000 m=nil [select]:
runtime.gopark(0x2028c1051eb8?, 0x5?, 0xa5?, 0x90?, 0x2028c1051d86?)
	/opt/hostedtoolcache/go/1.26.4/x64/src/runtime/proc.go:462 +0xce fp=0x2028c1051c00 sp=0x2028c1051be0 pc=0x48d62e
runtime.selectgo(0x2028c1051eb8, 0x2028c1051d7c, 0x2028c117f140?, 0x0, 0x0?, 0x1)
	/opt/hostedtoolcache/go/1.26.4/x64/src/runtime/select.go:351 +0xaa5 fp=0x2028c1051d30 sp=0x2028c1051c00 pc=0x46b705
drjosh.dev/jrouter/router.(*AURPPeer).Handle(0x0?, {0xbd2b70, 0x2028c06f5a00})
	/home/runner/work/jrouter/jrouter/router/aurp_peer.go:299 +0x54d fp=0x2028c1051f88 sp=0x2028c1051d30 pc=0x962d4d
drjosh.dev/jrouter/router.(*AURPPeerTable).RunAll.func1()
	/home/runner/work/jrouter/jrouter/router/aurp_peer_table.go:67 +0x1f fp=0x2028c1051fb0 sp=0x2028c1051f88 pc=0x96a61f
sync.(*WaitGroup).Go.func1()
	/opt/hostedtoolcache/go/1.26.4/x64/src/sync/waitgroup.go:258 +0x4a fp=0x2028c1051fe0 sp=0x2028c1051fb0 pc=0x4a01aa
runtime.goexit({})
	/opt/hostedtoolcache/go/1.26.4/x64/src/runtime/asm_amd64.s:1771 +0x1 fp=0x2028c1051fe8 sp=0x2028c1051fe0 pc=0x4950a1
created by sync.(*WaitGroup).Go in goroutine 1
	/opt/hostedtoolcache/go/1.26.4/x64/src/sync/waitgroup.go:238 +0x73

goroutine 410 gp=0x2028c107e1e0 m=nil [select]:
runtime.gopark(0x2028c1052eb8?, 0x5?, 0xa5?, 0x90?, 0x2028c1052d86?)
	/opt/hostedtoolcache/go/1.26.4/x64/src/runtime/proc.go:462 +0xce fp=0x2028c1052c00 sp=0x2028c1052be0 pc=0x48d62e
runtime.selectgo(0x2028c1052eb8, 0x2028c1052d7c, 0x2028c117f260?, 0x0, 0x0?, 0x1)
	/opt/hostedtoolcache/go/1.26.4/x64/src/runtime/select.go:351 +0xaa5 fp=0x2028c1052d30 sp=0x2028c1052c00 pc=0x46b705
drjosh.dev/jrouter/router.(*AURPPeer).Handle(0x0?, {0xbd2b70, 0x2028c06f5a00})
	/home/runner/work/jrouter/jrouter/router/aurp_peer.go:299 +0x54d fp=0x2028c1052f88 sp=0x2028c1052d30 pc=0x962d4d
drjosh.dev/jrouter/router.(*AURPPeerTable).RunAll.func1()
	/home/runner/work/jrouter/jrouter/router/aurp_peer_table.go:67 +0x1f fp=0x2028c1052fb0 sp=0x2028c1052f88 pc=0x96a61f
sync.(*WaitGroup).Go.func1()
	/opt/hostedtoolcache/go/1.26.4/x64/src/sync/waitgroup.go:258 +0x4a fp=0x2028c1052fe0 sp=0x2028c1052fb0 pc=0x4a01aa
runtime.goexit({})
	/opt/hostedtoolcache/go/1.26.4/x64/src/runtime/asm_amd64.s:1771 +0x1 fp=0x2028c1052fe8 sp=0x2028c1052fe0 pc=0x4950a1
created by sync.(*WaitGroup).Go in goroutine 1
	/opt/hostedtoolcache/go/1.26.4/x64/src/sync/waitgroup.go:238 +0x73

goroutine 411 gp=0x2028c107e3c0 m=nil [select]:
runtime.gopark(0x2028c1255eb8?, 0x5?, 0xa5?, 0x90?, 0x2028c1255d86?)
	/opt/hostedtoolcache/go/1.26.4/x64/src/runtime/proc.go:462 +0xce fp=0x2028c1255c00 sp=0x2028c1255be0 pc=0x48d62e
runtime.selectgo(0x2028c1255eb8, 0x2028c1255d7c, 0x2028c11fefc0?, 0x0, 0x0?, 0x1)
	/opt/hostedtoolcache/go/1.26.4/x64/src/runtime/select.go:351 +0xaa5 fp=0x2028c1255d30 sp=0x2028c1255c00 pc=0x46b705
drjosh.dev/jrouter/router.(*AURPPeer).Handle(0x0?, {0xbd2b70, 0x2028c06f5a00})
	/home/runner/work/jrouter/jrouter/router/aurp_peer.go:299 +0x54d fp=0x2028c1255f88 sp=0x2028c1255d30 pc=0x962d4d
drjosh.dev/jrouter/router.(*AURPPeerTable).RunAll.func1()
	/home/runner/work/jrouter/jrouter/router/aurp_peer_table.go:67 +0x1f fp=0x2028c1255fb0 sp=0x2028c1255f88 pc=0x96a61f
sync.(*WaitGroup).Go.func1()
	/opt/hostedtoolcache/go/1.26.4/x64/src/sync/waitgroup.go:258 +0x4a fp=0x2028c1255fe0 sp=0x2028c1255fb0 pc=0x4a01aa
runtime.goexit({})
	/opt/hostedtoolcache/go/1.26.4/x64/src/runtime/asm_amd64.s:1771 +0x1 fp=0x2028c1255fe8 sp=0x2028c1255fe0 pc=0x4950a1
created by sync.(*WaitGroup).Go in goroutine 1
	/opt/hostedtoolcache/go/1.26.4/x64/src/sync/waitgroup.go:238 +0x73

goroutine 412 gp=0x2028c107e5a0 m=nil [select]:
runtime.gopark(0x2028c1042eb8?, 0x5?, 0xa5?, 0x90?, 0x2028c1042d86?)
	/opt/hostedtoolcache/go/1.26.4/x64/src/runtime/proc.go:462 +0xce fp=0x2028c1042c00 sp=0x2028c1042be0 pc=0x48d62e
runtime.selectgo(0x2028c1042eb8, 0x2028c1042d7c, 0x2028c117f4a0?, 0x0, 0x0?, 0x1)
	/opt/hostedtoolcache/go/1.26.4/x64/src/runtime/select.go:351 +0xaa5 fp=0x2028c1042d30 sp=0x2028c1042c00 pc=0x46b705
drjosh.dev/jrouter/router.(*AURPPeer).Handle(0x0?, {0xbd2b70, 0x2028c06f5a00})
	/home/runner/work/jrouter/jrouter/router/aurp_peer.go:299 +0x54d fp=0x2028c1042f88 sp=0x2028c1042d30 pc=0x962d4d
drjosh.dev/jrouter/router.(*AURPPeerTable).RunAll.func1()
	/home/runner/work/jrouter/jrouter/router/aurp_peer_table.go:67 +0x1f fp=0x2028c1042fb0 sp=0x2028c1042f88 pc=0x96a61f
sync.(*WaitGroup).Go.func1()
	/opt/hostedtoolcache/go/1.26.4/x64/src/sync/waitgroup.go:258 +0x4a fp=0x2028c1042fe0 sp=0x2028c1042fb0 pc=0x4a01aa
runtime.goexit({})
	/opt/hostedtoolcache/go/1.26.4/x64/src/runtime/asm_amd64.s:1771 +0x1 fp=0x2028c1042fe8 sp=0x2028c1042fe0 pc=0x4950a1
created by sync.(*WaitGroup).Go in goroutine 1
	/opt/hostedtoolcache/go/1.26.4/x64/src/sync/waitgroup.go:238 +0x73

goroutine 413 gp=0x2028c107e780 m=nil [select]:
runtime.gopark(0x2028c104deb8?, 0x5?, 0xa5?, 0x90?, 0x2028c104dd86?)
	/opt/hostedtoolcache/go/1.26.4/x64/src/runtime/proc.go:462 +0xce fp=0x2028c104dc00 sp=0x2028c104dbe0 pc=0x48d62e
runtime.selectgo(0x2028c104deb8, 0x2028c104dd7c, 0x2028c117f5c0?, 0x0, 0x0?, 0x1)
	/opt/hostedtoolcache/go/1.26.4/x64/src/runtime/select.go:351 +0xaa5 fp=0x2028c104dd30 sp=0x2028c104dc00 pc=0x46b705
drjosh.dev/jrouter/router.(*AURPPeer).Handle(0x0?, {0xbd2b70, 0x2028c06f5a00})
	/home/runner/work/jrouter/jrouter/router/aurp_peer.go:299 +0x54d fp=0x2028c104df88 sp=0x2028c104dd30 pc=0x962d4d
drjosh.dev/jrouter/router.(*AURPPeerTable).RunAll.func1()
	/home/runner/work/jrouter/jrouter/router/aurp_peer_table.go:67 +0x1f fp=0x2028c104dfb0 sp=0x2028c104df88 pc=0x96a61f
sync.(*WaitGroup).Go.func1()
	/opt/hostedtoolcache/go/1.26.4/x64/src/sync/waitgroup.go:258 +0x4a fp=0x2028c104dfe0 sp=0x2028c104dfb0 pc=0x4a01aa
runtime.goexit({})
	/opt/hostedtoolcache/go/1.26.4/x64/src/runtime/asm_amd64.s:1771 +0x1 fp=0x2028c104dfe8 sp=0x2028c104dfe0 pc=0x4950a1
created by sync.(*WaitGroup).Go in goroutine 1
	/opt/hostedtoolcache/go/1.26.4/x64/src/sync/waitgroup.go:238 +0x73

goroutine 414 gp=0x2028c107e960 m=nil [select]:
runtime.gopark(0x2028c104eeb8?, 0x5?, 0xa5?, 0x90?, 0x2028c104ed86?)
	/opt/hostedtoolcache/go/1.26.4/x64/src/runtime/proc.go:462 +0xce fp=0x2028c104ec00 sp=0x2028c104ebe0 pc=0x48d62e
runtime.selectgo(0x2028c104eeb8, 0x2028c104ed7c, 0x2028c117f6e0?, 0x0, 0x0?, 0x1)
	/opt/hostedtoolcache/go/1.26.4/x64/src/runtime/select.go:351 +0xaa5 fp=0x2028c104ed30 sp=0x2028c104ec00 pc=0x46b705
drjosh.dev/jrouter/router.(*AURPPeer).Handle(0x0?, {0xbd2b70, 0x2028c06f5a00})
	/home/runner/work/jrouter/jrouter/router/aurp_peer.go:299 +0x54d fp=0x2028c104ef88 sp=0x2028c104ed30 pc=0x962d4d
drjosh.dev/jrouter/router.(*AURPPeerTable).RunAll.func1()
	/home/runner/work/jrouter/jrouter/router/aurp_peer_table.go:67 +0x1f fp=0x2028c104efb0 sp=0x2028c104ef88 pc=0x96a61f
sync.(*WaitGroup).Go.func1()
	/opt/hostedtoolcache/go/1.26.4/x64/src/sync/waitgroup.go:258 +0x4a fp=0x2028c104efe0 sp=0x2028c104efb0 pc=0x4a01aa
runtime.goexit({})
	/opt/hostedtoolcache/go/1.26.4/x64/src/runtime/asm_amd64.s:1771 +0x1 fp=0x2028c104efe8 sp=0x2028c104efe0 pc=0x4950a1
created by sync.(*WaitGroup).Go in goroutine 1
	/opt/hostedtoolcache/go/1.26.4/x64/src/sync/waitgroup.go:238 +0x73

goroutine 415 gp=0x2028c107eb40 m=nil [select]:
runtime.gopark(0x2028c104feb8?, 0x5?, 0xa5?, 0x90?, 0x2028c104fd86?)
	/opt/hostedtoolcache/go/1.26.4/x64/src/runtime/proc.go:462 +0xce fp=0x2028c104fc00 sp=0x2028c104fbe0 pc=0x48d62e
runtime.selectgo(0x2028c104feb8, 0x2028c104fd7c, 0x2028c117f800?, 0x0, 0x0?, 0x1)
	/opt/hostedtoolcache/go/1.26.4/x64/src/runtime/select.go:351 +0xaa5 fp=0x2028c104fd30 sp=0x2028c104fc00 pc=0x46b705
drjosh.dev/jrouter/router.(*AURPPeer).Handle(0x0?, {0xbd2b70, 0x2028c06f5a00})
	/home/runner/work/jrouter/jrouter/router/aurp_peer.go:299 +0x54d fp=0x2028c104ff88 sp=0x2028c104fd30 pc=0x962d4d
drjosh.dev/jrouter/router.(*AURPPeerTable).RunAll.func1()
	/home/runner/work/jrouter/jrouter/router/aurp_peer_table.go:67 +0x1f fp=0x2028c104ffb0 sp=0x2028c104ff88 pc=0x96a61f
sync.(*WaitGroup).Go.func1()
	/opt/hostedtoolcache/go/1.26.4/x64/src/sync/waitgroup.go:258 +0x4a fp=0x2028c104ffe0 sp=0x2028c104ffb0 pc=0x4a01aa
runtime.goexit({})
	/opt/hostedtoolcache/go/1.26.4/x64/src/runtime/asm_amd64.s:1771 +0x1 fp=0x2028c104ffe8 sp=0x2028c104ffe0 pc=0x4950a1
created by sync.(*WaitGroup).Go in goroutine 1
	/opt/hostedtoolcache/go/1.26.4/x64/src/sync/waitgroup.go:238 +0x73

goroutine 416 gp=0x2028c107ed20 m=nil [select]:
runtime.gopark(0x2028c1050eb8?, 0x5?, 0xa5?, 0x90?, 0x2028c1050d86?)
	/opt/hostedtoolcache/go/1.26.4/x64/src/runtime/proc.go:462 +0xce fp=0x2028c1050c00 sp=0x2028c1050be0 pc=0x48d62e
runtime.selectgo(0x2028c1050eb8, 0x2028c1050d7c, 0x2028c117f920?, 0x0, 0x0?, 0x1)
	/opt/hostedtoolcache/go/1.26.4/x64/src/runtime/select.go:351 +0xaa5 fp=0x2028c1050d30 sp=0x2028c1050c00 pc=0x46b705
drjosh.dev/jrouter/router.(*AURPPeer).Handle(0x0?, {0xbd2b70, 0x2028c06f5a00})
	/home/runner/work/jrouter/jrouter/router/aurp_peer.go:299 +0x54d fp=0x2028c1050f88 sp=0x2028c1050d30 pc=0x962d4d
drjosh.dev/jrouter/router.(*AURPPeerTable).RunAll.func1()
	/home/runner/work/jrouter/jrouter/router/aurp_peer_table.go:67 +0x1f fp=0x2028c1050fb0 sp=0x2028c1050f88 pc=0x96a61f
sync.(*WaitGroup).Go.func1()
	/opt/hostedtoolcache/go/1.26.4/x64/src/sync/waitgroup.go:258 +0x4a fp=0x2028c1050fe0 sp=0x2028c1050fb0 pc=0x4a01aa
runtime.goexit({})
	/opt/hostedtoolcache/go/1.26.4/x64/src/runtime/asm_amd64.s:1771 +0x1 fp=0x2028c1050fe8 sp=0x2028c1050fe0 pc=0x4950a1
created by sync.(*WaitGroup).Go in goroutine 1
	/opt/hostedtoolcache/go/1.26.4/x64/src/sync/waitgroup.go:238 +0x73

goroutine 417 gp=0x2028c107ef00 m=nil [select]:
runtime.gopark(0x2028c0699eb8?, 0x5?, 0xa5?, 0x90?, 0x2028c0699d86?)
	/opt/hostedtoolcache/go/1.26.4/x64/src/runtime/proc.go:462 +0xce fp=0x2028c0699c00 sp=0x2028c0699be0 pc=0x48d62e
runtime.selectgo(0x2028c0699eb8, 0x2028c0699d7c, 0x2028c11ff6e0?, 0x0, 0x0?, 0x1)
	/opt/hostedtoolcache/go/1.26.4/x64/src/runtime/select.go:351 +0xaa5 fp=0x2028c0699d30 sp=0x2028c0699c00 pc=0x46b705
drjosh.dev/jrouter/router.(*AURPPeer).Handle(0x0?, {0xbd2b70, 0x2028c06f5a00})
	/home/runner/work/jrouter/jrouter/router/aurp_peer.go:299 +0x54d fp=0x2028c0699f88 sp=0x2028c0699d30 pc=0x962d4d
drjosh.dev/jrouter/router.(*AURPPeerTable).RunAll.func1()
	/home/runner/work/jrouter/jrouter/router/aurp_peer_table.go:67 +0x1f fp=0x2028c0699fb0 sp=0x2028c0699f88 pc=0x96a61f
sync.(*WaitGroup).Go.func1()
	/opt/hostedtoolcache/go/1.26.4/x64/src/sync/waitgroup.go:258 +0x4a fp=0x2028c0699fe0 sp=0x2028c0699fb0 pc=0x4a01aa
runtime.goexit({})
	/opt/hostedtoolcache/go/1.26.4/x64/src/runtime/asm_amd64.s:1771 +0x1 fp=0x2028c0699fe8 sp=0x2028c0699fe0 pc=0x4950a1
created by sync.(*WaitGroup).Go in goroutine 1
	/opt/hostedtoolcache/go/1.26.4/x64/src/sync/waitgroup.go:238 +0x73

goroutine 418 gp=0x2028c107f0e0 m=nil [select]:
runtime.gopark(0x2028c1066eb8?, 0x5?, 0xa5?, 0x90?, 0x2028c1066d86?)
	/opt/hostedtoolcache/go/1.26.4/x64/src/runtime/proc.go:462 +0xce fp=0x2028c1066c00 sp=0x2028c1066be0 pc=0x48d62e
runtime.selectgo(0x2028c1066eb8, 0x2028c1066d7c, 0x2028c117fb60?, 0x0, 0x0?, 0x1)
	/opt/hostedtoolcache/go/1.26.4/x64/src/runtime/select.go:351 +0xaa5 fp=0x2028c1066d30 sp=0x2028c1066c00 pc=0x46b705
drjosh.dev/jrouter/router.(*AURPPeer).Handle(0x0?, {0xbd2b70, 0x2028c06f5a00})
	/home/runner/work/jrouter/jrouter/router/aurp_peer.go:299 +0x54d fp=0x2028c1066f88 sp=0x2028c1066d30 pc=0x962d4d
drjosh.dev/jrouter/router.(*AURPPeerTable).RunAll.func1()
	/home/runner/work/jrouter/jrouter/router/aurp_peer_table.go:67 +0x1f fp=0x2028c1066fb0 sp=0x2028c1066f88 pc=0x96a61f
sync.(*WaitGroup).Go.func1()
	/opt/hostedtoolcache/go/1.26.4/x64/src/sync/waitgroup.go:258 +0x4a fp=0x2028c1066fe0 sp=0x2028c1066fb0 pc=0x4a01aa
runtime.goexit({})
	/opt/hostedtoolcache/go/1.26.4/x64/src/runtime/asm_amd64.s:1771 +0x1 fp=0x2028c1066fe8 sp=0x2028c1066fe0 pc=0x4950a1
created by sync.(*WaitGroup).Go in goroutine 1
	/opt/hostedtoolcache/go/1.26.4/x64/src/sync/waitgroup.go:238 +0x73

goroutine 419 gp=0x2028c107f2c0 m=nil [select]:
runtime.gopark(0x2028c1067eb8?, 0x5?, 0xa5?, 0x90?, 0x2028c1067d86?)
	/opt/hostedtoolcache/go/1.26.4/x64/src/runtime/proc.go:462 +0xce fp=0x2028c1067c00 sp=0x2028c1067be0 pc=0x48d62e
runtime.selectgo(0x2028c1067eb8, 0x2028c1067d7c, 0x2028c117fc80?, 0x0, 0x0?, 0x1)
	/opt/hostedtoolcache/go/1.26.4/x64/src/runtime/select.go:351 +0xaa5 fp=0x2028c1067d30 sp=0x2028c1067c00 pc=0x46b705
drjosh.dev/jrouter/router.(*AURPPeer).Handle(0x0?, {0xbd2b70, 0x2028c06f5a00})
	/home/runner/work/jrouter/jrouter/router/aurp_peer.go:299 +0x54d fp=0x2028c1067f88 sp=0x2028c1067d30 pc=0x962d4d
drjosh.dev/jrouter/router.(*AURPPeerTable).RunAll.func1()
	/home/runner/work/jrouter/jrouter/router/aurp_peer_table.go:67 +0x1f fp=0x2028c1067fb0 sp=0x2028c1067f88 pc=0x96a61f
sync.(*WaitGroup).Go.func1()
	/opt/hostedtoolcache/go/1.26.4/x64/src/sync/waitgroup.go:258 +0x4a fp=0x2028c1067fe0 sp=0x2028c1067fb0 pc=0x4a01aa
runtime.goexit({})
	/opt/hostedtoolcache/go/1.26.4/x64/src/runtime/asm_amd64.s:1771 +0x1 fp=0x2028c1067fe8 sp=0x2028c1067fe0 pc=0x4950a1
created by sync.(*WaitGroup).Go in goroutine 1
	/opt/hostedtoolcache/go/1.26.4/x64/src/sync/waitgroup.go:238 +0x73

goroutine 420 gp=0x2028c107f4a0 m=nil [select]:
runtime.gopark(0x2028c104ceb8?, 0x5?, 0xa5?, 0x90?, 0x2028c104cd86?)
	/opt/hostedtoolcache/go/1.26.4/x64/src/runtime/proc.go:462 +0xce fp=0x2028c104cc00 sp=0x2028c104cbe0 pc=0x48d62e
runtime.selectgo(0x2028c104ceb8, 0x2028c104cd7c, 0x2028c117fda0?, 0x0, 0x0?, 0x1)
	/opt/hostedtoolcache/go/1.26.4/x64/src/runtime/select.go:351 +0xaa5 fp=0x2028c104cd30 sp=0x2028c104cc00 pc=0x46b705
drjosh.dev/jrouter/router.(*AURPPeer).Handle(0x0?, {0xbd2b70, 0x2028c06f5a00})
	/home/runner/work/jrouter/jrouter/router/aurp_peer.go:299 +0x54d fp=0x2028c104cf88 sp=0x2028c104cd30 pc=0x962d4d
drjosh.dev/jrouter/router.(*AURPPeerTable).RunAll.func1()
	/home/runner/work/jrouter/jrouter/router/aurp_peer_table.go:67 +0x1f fp=0x2028c104cfb0 sp=0x2028c104cf88 pc=0x96a61f
sync.(*WaitGroup).Go.func1()
	/opt/hostedtoolcache/go/1.26.4/x64/src/sync/waitgroup.go:258 +0x4a fp=0x2028c104cfe0 sp=0x2028c104cfb0 pc=0x4a01aa
runtime.goexit({})
	/opt/hostedtoolcache/go/1.26.4/x64/src/runtime/asm_amd64.s:1771 +0x1 fp=0x2028c104cfe8 sp=0x2028c104cfe0 pc=0x4950a1
created by sync.(*WaitGroup).Go in goroutine 1
	/opt/hostedtoolcache/go/1.26.4/x64/src/sync/waitgroup.go:238 +0x73

goroutine 421 gp=0x2028c107f680 m=nil [select]:
runtime.gopark(0x2028c1061eb8?, 0x5?, 0xa5?, 0x90?, 0x2028c1061d86?)
	/opt/hostedtoolcache/go/1.26.4/x64/src/runtime/proc.go:462 +0xce fp=0x2028c1061c00 sp=0x2028c1061be0 pc=0x48d62e
runtime.selectgo(0x2028c1061eb8, 0x2028c1061d7c, 0x2028c105c000?, 0x0, 0x0?, 0x1)
	/opt/hostedtoolcache/go/1.26.4/x64/src/runtime/select.go:351 +0xaa5 fp=0x2028c1061d30 sp=0x2028c1061c00 pc=0x46b705
drjosh.dev/jrouter/router.(*AURPPeer).Handle(0x0?, {0xbd2b70, 0x2028c06f5a00})
	/home/runner/work/jrouter/jrouter/router/aurp_peer.go:299 +0x54d fp=0x2028c1061f88 sp=0x2028c1061d30 pc=0x962d4d
drjosh.dev/jrouter/router.(*AURPPeerTable).RunAll.func1()
	/home/runner/work/jrouter/jrouter/router/aurp_peer_table.go:67 +0x1f fp=0x2028c1061fb0 sp=0x2028c1061f88 pc=0x96a61f
sync.(*WaitGroup).Go.func1()
	/opt/hostedtoolcache/go/1.26.4/x64/src/sync/waitgroup.go:258 +0x4a fp=0x2028c1061fe0 sp=0x2028c1061fb0 pc=0x4a01aa
runtime.goexit({})
	/opt/hostedtoolcache/go/1.26.4/x64/src/runtime/asm_amd64.s:1771 +0x1 fp=0x2028c1061fe8 sp=0x2028c1061fe0 pc=0x4950a1
created by sync.(*WaitGroup).Go in goroutine 1
	/opt/hostedtoolcache/go/1.26.4/x64/src/sync/waitgroup.go:238 +0x73

goroutine 422 gp=0x2028c107f860 m=nil [select]:
runtime.gopark(0x2028c1062eb8?, 0x5?, 0xa5?, 0x90?, 0x2028c1062d86?)
	/opt/hostedtoolcache/go/1.26.4/x64/src/runtime/proc.go:462 +0xce fp=0x2028c1062c00 sp=0x2028c1062be0 pc=0x48d62e
runtime.selectgo(0x2028c1062eb8, 0x2028c1062d7c, 0x2028c105c120?, 0x0, 0x0?, 0x1)
	/opt/hostedtoolcache/go/1.26.4/x64/src/runtime/select.go:351 +0xaa5 fp=0x2028c1062d30 sp=0x2028c1062c00 pc=0x46b705
drjosh.dev/jrouter/router.(*AURPPeer).Handle(0x0?, {0xbd2b70, 0x2028c06f5a00})
	/home/runner/work/jrouter/jrouter/router/aurp_peer.go:299 +0x54d fp=0x2028c1062f88 sp=0x2028c1062d30 pc=0x962d4d
drjosh.dev/jrouter/router.(*AURPPeerTable).RunAll.func1()
	/home/runner/work/jrouter/jrouter/router/aurp_peer_table.go:67 +0x1f fp=0x2028c1062fb0 sp=0x2028c1062f88 pc=0x96a61f
sync.(*WaitGroup).Go.func1()
	/opt/hostedtoolcache/go/1.26.4/x64/src/sync/waitgroup.go:258 +0x4a fp=0x2028c1062fe0 sp=0x2028c1062fb0 pc=0x4a01aa
runtime.goexit({})
	/opt/hostedtoolcache/go/1.26.4/x64/src/runtime/asm_amd64.s:1771 +0x1 fp=0x2028c1062fe8 sp=0x2028c1062fe0 pc=0x4950a1
created by sync.(*WaitGroup).Go in goroutine 1
	/opt/hostedtoolcache/go/1.26.4/x64/src/sync/waitgroup.go:238 +0x73

goroutine 423 gp=0x2028c107fa40 m=nil [select]:
runtime.gopark(0x2028c1063eb8?, 0x5?, 0xa5?, 0x90?, 0x2028c1063d86?)
	/opt/hostedtoolcache/go/1.26.4/x64/src/runtime/proc.go:462 +0xce fp=0x2028c1063c00 sp=0x2028c1063be0 pc=0x48d62e
runtime.selectgo(0x2028c1063eb8, 0x2028c1063d7c, 0x2028c105c240?, 0x0, 0x0?, 0x1)
	/opt/hostedtoolcache/go/1.26.4/x64/src/runtime/select.go:351 +0xaa5 fp=0x2028c1063d30 sp=0x2028c1063c00 pc=0x46b705
drjosh.dev/jrouter/router.(*AURPPeer).Handle(0x0?, {0xbd2b70, 0x2028c06f5a00})
	/home/runner/work/jrouter/jrouter/router/aurp_peer.go:299 +0x54d fp=0x2028c1063f88 sp=0x2028c1063d30 pc=0x962d4d
drjosh.dev/jrouter/router.(*AURPPeerTable).RunAll.func1()
	/home/runner/work/jrouter/jrouter/router/aurp_peer_table.go:67 +0x1f fp=0x2028c1063fb0 sp=0x2028c1063f88 pc=0x96a61f
sync.(*WaitGroup).Go.func1()
	/opt/hostedtoolcache/go/1.26.4/x64/src/sync/waitgroup.go:258 +0x4a fp=0x2028c1063fe0 sp=0x2028c1063fb0 pc=0x4a01aa
runtime.goexit({})
	/opt/hostedtoolcache/go/1.26.4/x64/src/runtime/asm_amd64.s:1771 +0x1 fp=0x2028c1063fe8 sp=0x2028c1063fe0 pc=0x4950a1
created by sync.(*WaitGroup).Go in goroutine 1
	/opt/hostedtoolcache/go/1.26.4/x64/src/sync/waitgroup.go:238 +0x73

goroutine 424 gp=0x2028c107fc20 m=nil [select]:
runtime.gopark(0x2028c1064eb8?, 0x5?, 0xa5?, 0x90?, 0x2028c1064d86?)
	/opt/hostedtoolcache/go/1.26.4/x64/src/runtime/proc.go:462 +0xce fp=0x2028c1064c00 sp=0x2028c1064be0 pc=0x48d62e
runtime.selectgo(0x2028c1064eb8, 0x2028c1064d7c, 0x2028c105c360?, 0x0, 0x0?, 0x1)
	/opt/hostedtoolcache/go/1.26.4/x64/src/runtime/select.go:351 +0xaa5 fp=0x2028c1064d30 sp=0x2028c1064c00 pc=0x46b705
drjosh.dev/jrouter/router.(*AURPPeer).Handle(0x0?, {0xbd2b70, 0x2028c06f5a00})
	/home/runner/work/jrouter/jrouter/router/aurp_peer.go:299 +0x54d fp=0x2028c1064f88 sp=0x2028c1064d30 pc=0x962d4d
drjosh.dev/jrouter/router.(*AURPPeerTable).RunAll.func1()
	/home/runner/work/jrouter/jrouter/router/aurp_peer_table.go:67 +0x1f fp=0x2028c1064fb0 sp=0x2028c1064f88 pc=0x96a61f
sync.(*WaitGroup).Go.func1()
	/opt/hostedtoolcache/go/1.26.4/x64/src/sync/waitgroup.go:258 +0x4a fp=0x2028c1064fe0 sp=0x2028c1064fb0 pc=0x4a01aa
runtime.goexit({})
	/opt/hostedtoolcache/go/1.26.4/x64/src/runtime/asm_amd64.s:1771 +0x1 fp=0x2028c1064fe8 sp=0x2028c1064fe0 pc=0x4950a1
created by sync.(*WaitGroup).Go in goroutine 1
	/opt/hostedtoolcache/go/1.26.4/x64/src/sync/waitgroup.go:238 +0x73

goroutine 425 gp=0x2028c1090000 m=nil [select]:
runtime.gopark(0x2028c12bfeb8?, 0x5?, 0xa5?, 0x90?, 0x2028c12bfd86?)
	/opt/hostedtoolcache/go/1.26.4/x64/src/runtime/proc.go:462 +0xce fp=0x2028c12bfc00 sp=0x2028c12bfbe0 pc=0x48d62e
runtime.selectgo(0x2028c12bfeb8, 0x2028c12bfd7c, 0x2028c11ff5c0?, 0x0, 0x0?, 0x1)
	/opt/hostedtoolcache/go/1.26.4/x64/src/runtime/select.go:351 +0xaa5 fp=0x2028c12bfd30 sp=0x2028c12bfc00 pc=0x46b705
drjosh.dev/jrouter/router.(*AURPPeer).Handle(0x0?, {0xbd2b70, 0x2028c06f5a00})
	/home/runner/work/jrouter/jrouter/router/aurp_peer.go:299 +0x54d fp=0x2028c12bff88 sp=0x2028c12bfd30 pc=0x962d4d
drjosh.dev/jrouter/router.(*AURPPeerTable).RunAll.func1()
	/home/runner/work/jrouter/jrouter/router/aurp_peer_table.go:67 +0x1f fp=0x2028c12bffb0 sp=0x2028c12bff88 pc=0x96a61f
sync.(*WaitGroup).Go.func1()
	/opt/hostedtoolcache/go/1.26.4/x64/src/sync/waitgroup.go:258 +0x4a fp=0x2028c12bffe0 sp=0x2028c12bffb0 pc=0x4a01aa
runtime.goexit({})
	/opt/hostedtoolcache/go/1.26.4/x64/src/runtime/asm_amd64.s:1771 +0x1 fp=0x2028c12bffe8 sp=0x2028c12bffe0 pc=0x4950a1
created by sync.(*WaitGroup).Go in goroutine 1
	/opt/hostedtoolcache/go/1.26.4/x64/src/sync/waitgroup.go:238 +0x73

goroutine 426 gp=0x2028c10901e0 m=nil [select]:
runtime.gopark(0x2028c107aeb8?, 0x5?, 0xa5?, 0x90?, 0x2028c107ad86?)
	/opt/hostedtoolcache/go/1.26.4/x64/src/runtime/proc.go:462 +0xce fp=0x2028c107ac00 sp=0x2028c107abe0 pc=0x48d62e
runtime.selectgo(0x2028c107aeb8, 0x2028c107ad7c, 0x2028c105c5a0?, 0x0, 0x0?, 0x1)
	/opt/hostedtoolcache/go/1.26.4/x64/src/runtime/select.go:351 +0xaa5 fp=0x2028c107ad30 sp=0x2028c107ac00 pc=0x46b705
drjosh.dev/jrouter/router.(*AURPPeer).Handle(0x0?, {0xbd2b70, 0x2028c06f5a00})
	/home/runner/work/jrouter/jrouter/router/aurp_peer.go:299 +0x54d fp=0x2028c107af88 sp=0x2028c107ad30 pc=0x962d4d
drjosh.dev/jrouter/router.(*AURPPeerTable).RunAll.func1()
	/home/runner/work/jrouter/jrouter/router/aurp_peer_table.go:67 +0x1f fp=0x2028c107afb0 sp=0x2028c107af88 pc=0x96a61f
sync.(*WaitGroup).Go.func1()
	/opt/hostedtoolcache/go/1.26.4/x64/src/sync/waitgroup.go:258 +0x4a fp=0x2028c107afe0 sp=0x2028c107afb0 pc=0x4a01aa
runtime.goexit({})
	/opt/hostedtoolcache/go/1.26.4/x64/src/runtime/asm_amd64.s:1771 +0x1 fp=0x2028c107afe8 sp=0x2028c107afe0 pc=0x4950a1
created by sync.(*WaitGroup).Go in goroutine 1
	/opt/hostedtoolcache/go/1.26.4/x64/src/sync/waitgroup.go:238 +0x73

goroutine 427 gp=0x2028c10903c0 m=nil [select]:
runtime.gopark(0x2028c107beb8?, 0x5?, 0xa5?, 0x90?, 0x2028c107bd86?)
	/opt/hostedtoolcache/go/1.26.4/x64/src/runtime/proc.go:462 +0xce fp=0x2028c107bc00 sp=0x2028c107bbe0 pc=0x48d62e
runtime.selectgo(0x2028c107beb8, 0x2028c107bd7c, 0x2028c105c6c0?, 0x0, 0x0?, 0x1)
	/opt/hostedtoolcache/go/1.26.4/x64/src/runtime/select.go:351 +0xaa5 fp=0x2028c107bd30 sp=0x2028c107bc00 pc=0x46b705
drjosh.dev/jrouter/router.(*AURPPeer).Handle(0x0?, {0xbd2b70, 0x2028c06f5a00})
	/home/runner/work/jrouter/jrouter/router/aurp_peer.go:299 +0x54d fp=0x2028c107bf88 sp=0x2028c107bd30 pc=0x962d4d
drjosh.dev/jrouter/router.(*AURPPeerTable).RunAll.func1()
	/home/runner/work/jrouter/jrouter/router/aurp_peer_table.go:67 +0x1f fp=0x2028c107bfb0 sp=0x2028c107bf88 pc=0x96a61f
sync.(*WaitGroup).Go.func1()
	/opt/hostedtoolcache/go/1.26.4/x64/src/sync/waitgroup.go:258 +0x4a fp=0x2028c107bfe0 sp=0x2028c107bfb0 pc=0x4a01aa
runtime.goexit({})
	/opt/hostedtoolcache/go/1.26.4/x64/src/runtime/asm_amd64.s:1771 +0x1 fp=0x2028c107bfe8 sp=0x2028c107bfe0 pc=0x4950a1
created by sync.(*WaitGroup).Go in goroutine 1
	/opt/hostedtoolcache/go/1.26.4/x64/src/sync/waitgroup.go:238 +0x73

goroutine 428 gp=0x2028c10905a0 m=nil [select]:
runtime.gopark(0x2028c1060eb8?, 0x5?, 0xa5?, 0x90?, 0x2028c1060d86?)
	/opt/hostedtoolcache/go/1.26.4/x64/src/runtime/proc.go:462 +0xce fp=0x2028c1060c00 sp=0x2028c1060be0 pc=0x48d62e
runtime.selectgo(0x2028c1060eb8, 0x2028c1060d7c, 0x2028c105c7e0?, 0x0, 0x0?, 0x1)
	/opt/hostedtoolcache/go/1.26.4/x64/src/runtime/select.go:351 +0xaa5 fp=0x2028c1060d30 sp=0x2028c1060c00 pc=0x46b705
drjosh.dev/jrouter/router.(*AURPPeer).Handle(0x0?, {0xbd2b70, 0x2028c06f5a00})
	/home/runner/work/jrouter/jrouter/router/aurp_peer.go:299 +0x54d fp=0x2028c1060f88 sp=0x2028c1060d30 pc=0x962d4d
drjosh.dev/jrouter/router.(*AURPPeerTable).RunAll.func1()
	/home/runner/work/jrouter/jrouter/router/aurp_peer_table.go:67 +0x1f fp=0x2028c1060fb0 sp=0x2028c1060f88 pc=0x96a61f
sync.(*WaitGroup).Go.func1()
	/opt/hostedtoolcache/go/1.26.4/x64/src/sync/waitgroup.go:258 +0x4a fp=0x2028c1060fe0 sp=0x2028c1060fb0 pc=0x4a01aa
runtime.goexit({})
	/opt/hostedtoolcache/go/1.26.4/x64/src/runtime/asm_amd64.s:1771 +0x1 fp=0x2028c1060fe8 sp=0x2028c1060fe0 pc=0x4950a1
created by sync.(*WaitGroup).Go in goroutine 1
	/opt/hostedtoolcache/go/1.26.4/x64/src/sync/waitgroup.go:238 +0x73

goroutine 429 gp=0x2028c1090780 m=nil [select]:
runtime.gopark(0x2028c1075eb8?, 0x5?, 0xa5?, 0x90?, 0x2028c1075d86?)
	/opt/hostedtoolcache/go/1.26.4/x64/src/runtime/proc.go:462 +0xce fp=0x2028c1075c00 sp=0x2028c1075be0 pc=0x48d62e
runtime.selectgo(0x2028c1075eb8, 0x2028c1075d7c, 0x2028c105c900?, 0x0, 0x0?, 0x1)
	/opt/hostedtoolcache/go/1.26.4/x64/src/runtime/select.go:351 +0xaa5 fp=0x2028c1075d30 sp=0x2028c1075c00 pc=0x46b705
drjosh.dev/jrouter/router.(*AURPPeer).Handle(0x0?, {0xbd2b70, 0x2028c06f5a00})
	/home/runner/work/jrouter/jrouter/router/aurp_peer.go:299 +0x54d fp=0x2028c1075f88 sp=0x2028c1075d30 pc=0x962d4d
drjosh.dev/jrouter/router.(*AURPPeerTable).RunAll.func1()
	/home/runner/work/jrouter/jrouter/router/aurp_peer_table.go:67 +0x1f fp=0x2028c1075fb0 sp=0x2028c1075f88 pc=0x96a61f
sync.(*WaitGroup).Go.func1()
	/opt/hostedtoolcache/go/1.26.4/x64/src/sync/waitgroup.go:258 +0x4a fp=0x2028c1075fe0 sp=0x2028c1075fb0 pc=0x4a01aa
runtime.goexit({})
	/opt/hostedtoolcache/go/1.26.4/x64/src/runtime/asm_amd64.s:1771 +0x1 fp=0x2028c1075fe8 sp=0x2028c1075fe0 pc=0x4950a1
created by sync.(*WaitGroup).Go in goroutine 1
	/opt/hostedtoolcache/go/1.26.4/x64/src/sync/waitgroup.go:238 +0x73

goroutine 430 gp=0x2028c1090960 m=nil [select]:
runtime.gopark(0x2028c1076eb8?, 0x5?, 0xa5?, 0x90?, 0x2028c1076d86?)
	/opt/hostedtoolcache/go/1.26.4/x64/src/runtime/proc.go:462 +0xce fp=0x2028c1076c00 sp=0x2028c1076be0 pc=0x48d62e
runtime.selectgo(0x2028c1076eb8, 0x2028c1076d7c, 0x2028c105ca20?, 0x0, 0x0?, 0x1)
	/opt/hostedtoolcache/go/1.26.4/x64/src/runtime/select.go:351 +0xaa5 fp=0x2028c1076d30 sp=0x2028c1076c00 pc=0x46b705
drjosh.dev/jrouter/router.(*AURPPeer).Handle(0x0?, {0xbd2b70, 0x2028c06f5a00})
	/home/runner/work/jrouter/jrouter/router/aurp_peer.go:299 +0x54d fp=0x2028c1076f88 sp=0x2028c1076d30 pc=0x962d4d
drjosh.dev/jrouter/router.(*AURPPeerTable).RunAll.func1()
	/home/runner/work/jrouter/jrouter/router/aurp_peer_table.go:67 +0x1f fp=0x2028c1076fb0 sp=0x2028c1076f88 pc=0x96a61f
sync.(*WaitGroup).Go.func1()
	/opt/hostedtoolcache/go/1.26.4/x64/src/sync/waitgroup.go:258 +0x4a fp=0x2028c1076fe0 sp=0x2028c1076fb0 pc=0x4a01aa
runtime.goexit({})
	/opt/hostedtoolcache/go/1.26.4/x64/src/runtime/asm_amd64.s:1771 +0x1 fp=0x2028c1076fe8 sp=0x2028c1076fe0 pc=0x4950a1
created by sync.(*WaitGroup).Go in goroutine 1
	/opt/hostedtoolcache/go/1.26.4/x64/src/sync/waitgroup.go:238 +0x73

goroutine 431 gp=0x2028c1090b40 m=nil [select]:
runtime.gopark(0x2028c1077eb8?, 0x5?, 0xa5?, 0x90?, 0x2028c1077d86?)
	/opt/hostedtoolcache/go/1.26.4/x64/src/runtime/proc.go:462 +0xce fp=0x2028c1077c00 sp=0x2028c1077be0 pc=0x48d62e
runtime.selectgo(0x2028c1077eb8, 0x2028c1077d7c, 0x2028c105cb40?, 0x0, 0x0?, 0x1)
	/opt/hostedtoolcache/go/1.26.4/x64/src/runtime/select.go:351 +0xaa5 fp=0x2028c1077d30 sp=0x2028c1077c00 pc=0x46b705
drjosh.dev/jrouter/router.(*AURPPeer).Handle(0x0?, {0xbd2b70, 0x2028c06f5a00})
	/home/runner/work/jrouter/jrouter/router/aurp_peer.go:299 +0x54d fp=0x2028c1077f88 sp=0x2028c1077d30 pc=0x962d4d
drjosh.dev/jrouter/router.(*AURPPeerTable).RunAll.func1()
	/home/runner/work/jrouter/jrouter/router/aurp_peer_table.go:67 +0x1f fp=0x2028c1077fb0 sp=0x2028c1077f88 pc=0x96a61f
sync.(*WaitGroup).Go.func1()
	/opt/hostedtoolcache/go/1.26.4/x64/src/sync/waitgroup.go:258 +0x4a fp=0x2028c1077fe0 sp=0x2028c1077fb0 pc=0x4a01aa
runtime.goexit({})
	/opt/hostedtoolcache/go/1.26.4/x64/src/runtime/asm_amd64.s:1771 +0x1 fp=0x2028c1077fe8 sp=0x2028c1077fe0 pc=0x4950a1
created by sync.(*WaitGroup).Go in goroutine 1
	/opt/hostedtoolcache/go/1.26.4/x64/src/sync/waitgroup.go:238 +0x73

goroutine 432 gp=0x2028c1090d20 m=nil [select]:
runtime.gopark(0x2028c1078eb8?, 0x5?, 0xa5?, 0x90?, 0x2028c1078d86?)
	/opt/hostedtoolcache/go/1.26.4/x64/src/runtime/proc.go:462 +0xce fp=0x2028c1078c00 sp=0x2028c1078be0 pc=0x48d62e
runtime.selectgo(0x2028c1078eb8, 0x2028c1078d7c, 0x2028c105cc60?, 0x0, 0x0?, 0x1)
	/opt/hostedtoolcache/go/1.26.4/x64/src/runtime/select.go:351 +0xaa5 fp=0x2028c1078d30 sp=0x2028c1078c00 pc=0x46b705
drjosh.dev/jrouter/router.(*AURPPeer).Handle(0x0?, {0xbd2b70, 0x2028c06f5a00})
	/home/runner/work/jrouter/jrouter/router/aurp_peer.go:299 +0x54d fp=0x2028c1078f88 sp=0x2028c1078d30 pc=0x962d4d
drjosh.dev/jrouter/router.(*AURPPeerTable).RunAll.func1()
	/home/runner/work/jrouter/jrouter/router/aurp_peer_table.go:67 +0x1f fp=0x2028c1078fb0 sp=0x2028c1078f88 pc=0x96a61f
sync.(*WaitGroup).Go.func1()
	/opt/hostedtoolcache/go/1.26.4/x64/src/sync/waitgroup.go:258 +0x4a fp=0x2028c1078fe0 sp=0x2028c1078fb0 pc=0x4a01aa
runtime.goexit({})
	/opt/hostedtoolcache/go/1.26.4/x64/src/runtime/asm_amd64.s:1771 +0x1 fp=0x2028c1078fe8 sp=0x2028c1078fe0 pc=0x4950a1
created by sync.(*WaitGroup).Go in goroutine 1
	/opt/hostedtoolcache/go/1.26.4/x64/src/sync/waitgroup.go:238 +0x73

goroutine 433 gp=0x2028c1090f00 m=nil [select]:
runtime.gopark(0x2028c1185eb8?, 0x5?, 0xa5?, 0x90?, 0x2028c1185d86?)
	/opt/hostedtoolcache/go/1.26.4/x64/src/runtime/proc.go:462 +0xce fp=0x2028c1185c00 sp=0x2028c1185be0 pc=0x48d62e
runtime.selectgo(0x2028c1185eb8, 0x2028c1185d7c, 0x2028c105cd80?, 0x0, 0x0?, 0x1)
	/opt/hostedtoolcache/go/1.26.4/x64/src/runtime/select.go:351 +0xaa5 fp=0x2028c1185d30 sp=0x2028c1185c00 pc=0x46b705
drjosh.dev/jrouter/router.(*AURPPeer).Handle(0x0?, {0xbd2b70, 0x2028c06f5a00})
	/home/runner/work/jrouter/jrouter/router/aurp_peer.go:299 +0x54d fp=0x2028c1185f88 sp=0x2028c1185d30 pc=0x962d4d
drjosh.dev/jrouter/router.(*AURPPeerTable).RunAll.func1()
	/home/runner/work/jrouter/jrouter/router/aurp_peer_table.go:67 +0x1f fp=0x2028c1185fb0 sp=0x2028c1185f88 pc=0x96a61f
sync.(*WaitGroup).Go.func1()
	/opt/hostedtoolcache/go/1.26.4/x64/src/sync/waitgroup.go:258 +0x4a fp=0x2028c1185fe0 sp=0x2028c1185fb0 pc=0x4a01aa
runtime.goexit({})
	/opt/hostedtoolcache/go/1.26.4/x64/src/runtime/asm_amd64.s:1771 +0x1 fp=0x2028c1185fe8 sp=0x2028c1185fe0 pc=0x4950a1
created by sync.(*WaitGroup).Go in goroutine 1
	/opt/hostedtoolcache/go/1.26.4/x64/src/sync/waitgroup.go:238 +0x73

goroutine 434 gp=0x2028c10910e0 m=nil [select]:
runtime.gopark(0x2028c06e4eb8?, 0x5?, 0xa5?, 0x90?, 0x2028c06e4d86?)
	/opt/hostedtoolcache/go/1.26.4/x64/src/runtime/proc.go:462 +0xce fp=0x2028c06e4c00 sp=0x2028c06e4be0 pc=0x48d62e
runtime.selectgo(0x2028c06e4eb8, 0x2028c06e4d7c, 0x2028c0c0b200?, 0x0, 0x0?, 0x1)
	/opt/hostedtoolcache/go/1.26.4/x64/src/runtime/select.go:351 +0xaa5 fp=0x2028c06e4d30 sp=0x2028c06e4c00 pc=0x46b705
drjosh.dev/jrouter/router.(*AURPPeer).Handle(0x0?, {0xbd2b70, 0x2028c06f5a00})
	/home/runner/work/jrouter/jrouter/router/aurp_peer.go:299 +0x54d fp=0x2028c06e4f88 sp=0x2028c06e4d30 pc=0x962d4d
drjosh.dev/jrouter/router.(*AURPPeerTable).RunAll.func1()
	/home/runner/work/jrouter/jrouter/router/aurp_peer_table.go:67 +0x1f fp=0x2028c06e4fb0 sp=0x2028c06e4f88 pc=0x96a61f
sync.(*WaitGroup).Go.func1()
	/opt/hostedtoolcache/go/1.26.4/x64/src/sync/waitgroup.go:258 +0x4a fp=0x2028c06e4fe0 sp=0x2028c06e4fb0 pc=0x4a01aa
runtime.goexit({})
	/opt/hostedtoolcache/go/1.26.4/x64/src/runtime/asm_amd64.s:1771 +0x1 fp=0x2028c06e4fe8 sp=0x2028c06e4fe0 pc=0x4950a1
created by sync.(*WaitGroup).Go in goroutine 1
	/opt/hostedtoolcache/go/1.26.4/x64/src/sync/waitgroup.go:238 +0x73

goroutine 437 gp=0x2028c10914a0 m=nil [select]:
runtime.gopark(0x2028c069deb8?, 0x5?, 0xa5?, 0x90?, 0x2028c069dd86?)
	/opt/hostedtoolcache/go/1.26.4/x64/src/runtime/proc.go:462 +0xce fp=0x2028c069dc00 sp=0x2028c069dbe0 pc=0x48d62e
runtime.selectgo(0x2028c069deb8, 0x2028c069dd7c, 0x2028c0f7d9a0?, 0x0, 0xb6aa52?, 0x1)
	/opt/hostedtoolcache/go/1.26.4/x64/src/runtime/select.go:351 +0xaa5 fp=0x2028c069dd30 sp=0x2028c069dc00 pc=0x46b705
drjosh.dev/jrouter/router.(*AURPPeer).Handle(0x2028c0854d80?, {0xbd28b8, 0x2028c1095650})
	/home/runner/work/jrouter/jrouter/router/aurp_peer.go:299 +0x54d fp=0x2028c069df88 sp=0x2028c069dd30 pc=0x962d4d
drjosh.dev/jrouter/router.(*Router).AURPInput.func1()
	/home/runner/work/jrouter/jrouter/router/aurp.go:100 +0x25 fp=0x2028c069dfb0 sp=0x2028c069df88 pc=0x961645
sync.(*WaitGroup).Go.func1()
	/opt/hostedtoolcache/go/1.26.4/x64/src/sync/waitgroup.go:258 +0x4a fp=0x2028c069dfe0 sp=0x2028c069dfb0 pc=0x4a01aa
runtime.goexit({})
	/opt/hostedtoolcache/go/1.26.4/x64/src/runtime/asm_amd64.s:1771 +0x1 fp=0x2028c069dfe8 sp=0x2028c069dfe0 pc=0x4950a1
created by sync.(*WaitGroup).Go in goroutine 251
	/opt/hostedtoolcache/go/1.26.4/x64/src/sync/waitgroup.go:238 +0x73

rax    0x2028c0766000
rbx    0x2028c0765c20
rcx    0x0
rdx    0x40
rdi    0x0
rsi    0x2028c121ab40
rbp    0x2028c0765bb0
rsp    0x7fc9a6ffcd00
r8     0x2028c070d008
r9     0x0
r10    0x7fc9f45ce228
r11    0x7fc9f45db150
r12    0x2028c0766000
r13    0x2028c126b9e0
r14    0x2028c0717860
r15    0xffffffffffffffff
rip    0x7fc9f45db15c
rflags 0x10202
cs     0x33
fs     0x0
gs     0x0
